#
# TABLE STRUCTURE FOR: media
#

DROP TABLE IF EXISTS `media`;

CREATE TABLE `media` (
  `id` bigint(20) unsigned NOT NULL AUTO_INCREMENT,
  `media_type_id` bigint(20) unsigned DEFAULT NULL,
  `user_id` bigint(20) unsigned NOT NULL,
  `body` text COLLATE utf8mb4_unicode_ci DEFAULT NULL,
  `filename` varchar(255) COLLATE utf8mb4_unicode_ci DEFAULT NULL,
  `size` int(11) DEFAULT NULL,
  `metadata` longtext CHARACTER SET utf8mb4 COLLATE utf8mb4_bin DEFAULT NULL CHECK (json_valid(`metadata`)),
  `created_at` datetime DEFAULT current_timestamp(),
  `updated_at` datetime DEFAULT current_timestamp() ON UPDATE current_timestamp(),
  PRIMARY KEY (`id`),
  KEY `user_id` (`user_id`),
  KEY `media_type_id` (`media_type_id`),
  CONSTRAINT `media_ibfk_1` FOREIGN KEY (`user_id`) REFERENCES `users` (`id`) ON DELETE CASCADE ON UPDATE CASCADE,
  CONSTRAINT `media_ibfk_2` FOREIGN KEY (`media_type_id`) REFERENCES `media_types` (`id`) ON DELETE SET NULL ON UPDATE CASCADE
) ENGINE=InnoDB AUTO_INCREMENT=101 DEFAULT CHARSET=utf8mb4 COLLATE=utf8mb4_unicode_ci;

INSERT INTO `media` (`id`, `media_type_id`, `user_id`, `body`, `filename`, `size`, `metadata`, `created_at`, `updated_at`) VALUES ('1', '5', '1', 'Ducimus facilis ut vitae incidunt dolor distinctio. Esse aut voluptates quia et placeat amet aliquid. Est cumque culpa quia cupiditate alias a. Id voluptatem sit in ipsa.', 'sit', 780207, NULL, '2005-01-22 16:36:32', '1983-05-26 14:20:15');
INSERT INTO `media` (`id`, `media_type_id`, `user_id`, `body`, `filename`, `size`, `metadata`, `created_at`, `updated_at`) VALUES ('2', '8', '2', 'Possimus doloribus cupiditate numquam quia odit soluta similique ut. Ratione occaecati est voluptas possimus ullam voluptatem. Commodi et fugit dolore autem et fugit. Magnam nobis dolore ullam autem natus alias.', 'consectetur', 2366578, NULL, '2007-05-24 00:08:37', '1984-09-21 02:00:28');
INSERT INTO `media` (`id`, `media_type_id`, `user_id`, `body`, `filename`, `size`, `metadata`, `created_at`, `updated_at`) VALUES ('3', '9', '3', 'Consequatur id ipsum repudiandae. Facilis deserunt corporis ut consequatur. Culpa consequatur qui qui rem occaecati.', 'ipsum', 6, NULL, '2002-02-04 09:06:34', '1977-08-26 17:49:15');
INSERT INTO `media` (`id`, `media_type_id`, `user_id`, `body`, `filename`, `size`, `metadata`, `created_at`, `updated_at`) VALUES ('4', '5', '4', 'Atque enim quo nesciunt id. Dolor ratione quia voluptas omnis temporibus non aut. Nihil quasi perferendis hic eius quas molestiae id eos.', 'et', 0, NULL, '2018-03-31 00:29:54', '2000-05-24 20:20:29');
INSERT INTO `media` (`id`, `media_type_id`, `user_id`, `body`, `filename`, `size`, `metadata`, `created_at`, `updated_at`) VALUES ('5', '4', '5', 'Fugiat impedit eum sit odio totam. Libero non veritatis suscipit est non non. Et facere ducimus corrupti neque quasi.', 'velit', 0, NULL, '2016-03-22 19:16:56', '1977-02-20 05:56:58');
INSERT INTO `media` (`id`, `media_type_id`, `user_id`, `body`, `filename`, `size`, `metadata`, `created_at`, `updated_at`) VALUES ('6', '6', '6', 'Porro odit nihil facilis quaerat rerum ad enim. Nihil reprehenderit nulla laboriosam voluptates veniam nobis et. Quo placeat perferendis quam. Asperiores deleniti sed unde esse reprehenderit. Atque maxime ipsam voluptates fuga.', 'in', 8515418, NULL, '2004-04-27 06:10:18', '1986-03-19 16:14:54');
INSERT INTO `media` (`id`, `media_type_id`, `user_id`, `body`, `filename`, `size`, `metadata`, `created_at`, `updated_at`) VALUES ('7', '8', '7', 'Aut et nostrum sit pariatur nostrum. Doloremque asperiores hic et possimus voluptatem. Doloremque consequatur at dolor aut rerum sint. Voluptatem quibusdam reprehenderit quis aut.', 'veniam', 1582399, NULL, '2021-11-06 20:52:06', '1998-12-02 20:58:11');
INSERT INTO `media` (`id`, `media_type_id`, `user_id`, `body`, `filename`, `size`, `metadata`, `created_at`, `updated_at`) VALUES ('8', '6', '8', 'Et vitae et sunt cupiditate dolores nihil. Et a nihil hic id ipsa ut fuga. Ducimus quisquam magni voluptas itaque dicta. Omnis magni rem rerum laudantium delectus ut illum neque. Ipsa expedita consequatur sit dolor ea accusamus id et.', 'in', 66, NULL, '1970-07-24 04:41:54', '1994-03-26 08:44:33');
INSERT INTO `media` (`id`, `media_type_id`, `user_id`, `body`, `filename`, `size`, `metadata`, `created_at`, `updated_at`) VALUES ('9', '6', '9', 'Nisi voluptas laudantium qui quasi amet exercitationem distinctio. Atque debitis excepturi expedita deserunt. Quaerat impedit eveniet placeat ut.', 'rerum', 6, NULL, '1978-02-23 16:22:05', '2011-03-16 13:41:12');
INSERT INTO `media` (`id`, `media_type_id`, `user_id`, `body`, `filename`, `size`, `metadata`, `created_at`, `updated_at`) VALUES ('10', '1', '10', 'Voluptatem architecto placeat aut non. Dolor consequatur quaerat fugiat rerum. Ex adipisci aut vel unde blanditiis nemo. Accusamus iure unde nihil.', 'non', 48274353, NULL, '1973-12-03 16:03:55', '1998-08-15 11:48:16');
INSERT INTO `media` (`id`, `media_type_id`, `user_id`, `body`, `filename`, `size`, `metadata`, `created_at`, `updated_at`) VALUES ('11', '7', '11', 'Itaque dignissimos ut optio. Explicabo velit officiis suscipit sint eligendi. Mollitia nostrum suscipit commodi occaecati.', 'incidunt', 63778, NULL, '1995-06-05 12:41:01', '2002-01-14 05:15:51');
INSERT INTO `media` (`id`, `media_type_id`, `user_id`, `body`, `filename`, `size`, `metadata`, `created_at`, `updated_at`) VALUES ('12', '4', '12', 'Sit excepturi placeat officia. Vel non fugiat ab praesentium. Adipisci a vel natus ut. Minus quod animi error quia delectus odio.', 'iure', 565446859, NULL, '1997-06-10 12:29:41', '1978-01-26 22:43:02');
INSERT INTO `media` (`id`, `media_type_id`, `user_id`, `body`, `filename`, `size`, `metadata`, `created_at`, `updated_at`) VALUES ('13', '3', '13', 'Reiciendis consectetur maxime rerum. Similique hic alias fuga. Id voluptate omnis facere dolores. Iusto ut magni voluptatem totam officiis.', 'corporis', 0, NULL, '1994-12-02 03:34:29', '2001-04-05 12:12:33');
INSERT INTO `media` (`id`, `media_type_id`, `user_id`, `body`, `filename`, `size`, `metadata`, `created_at`, `updated_at`) VALUES ('14', '7', '14', 'Numquam vel natus non ut autem asperiores fugiat rerum. Temporibus delectus maiores sit. Voluptatem enim magni fugit et vero cupiditate.', 'quae', 26, NULL, '1992-08-15 02:47:25', '2000-12-24 18:40:37');
INSERT INTO `media` (`id`, `media_type_id`, `user_id`, `body`, `filename`, `size`, `metadata`, `created_at`, `updated_at`) VALUES ('15', '9', '15', 'Minima et quis est assumenda illo. Quis velit aut suscipit voluptatem temporibus esse. Maiores itaque quaerat ratione fugiat eius quo.', 'sit', 9504, NULL, '1971-01-20 14:16:44', '2014-09-09 16:35:12');
INSERT INTO `media` (`id`, `media_type_id`, `user_id`, `body`, `filename`, `size`, `metadata`, `created_at`, `updated_at`) VALUES ('16', '5', '16', 'Aliquid occaecati inventore reiciendis quas voluptas quisquam. Architecto quia et magnam qui. Nesciunt minus enim nihil eum ab provident delectus. Quod neque nihil sequi reiciendis assumenda quo et.', 'et', 97698, NULL, '1996-05-18 12:20:56', '1985-05-20 02:37:09');
INSERT INTO `media` (`id`, `media_type_id`, `user_id`, `body`, `filename`, `size`, `metadata`, `created_at`, `updated_at`) VALUES ('17', '7', '17', 'Distinctio quo libero eligendi ipsa. Modi quis in sed aut sequi accusamus. Consectetur eum et rerum nisi numquam quo qui molestias. Facilis et modi veritatis repudiandae sit omnis.', 'dignissimos', 82, NULL, '1998-03-19 01:12:05', '1974-03-01 19:32:53');
INSERT INTO `media` (`id`, `media_type_id`, `user_id`, `body`, `filename`, `size`, `metadata`, `created_at`, `updated_at`) VALUES ('18', '8', '18', 'Dolores fugiat deserunt eligendi nobis saepe qui sit. Commodi deleniti recusandae qui repellendus repudiandae. Modi autem odit iure aliquid porro voluptatem mollitia. Quas in ullam tenetur nulla veniam. Facere assumenda fuga adipisci excepturi.', 'saepe', 0, NULL, '2017-02-05 08:21:24', '1980-07-28 16:29:58');
INSERT INTO `media` (`id`, `media_type_id`, `user_id`, `body`, `filename`, `size`, `metadata`, `created_at`, `updated_at`) VALUES ('19', '8', '19', 'Nihil dolor minus necessitatibus minima fuga unde deleniti. Soluta deleniti dolores quod excepturi. Molestias quia ullam et assumenda recusandae minus.', 'voluptates', 3760, NULL, '1984-04-02 14:01:56', '2001-07-28 03:20:38');
INSERT INTO `media` (`id`, `media_type_id`, `user_id`, `body`, `filename`, `size`, `metadata`, `created_at`, `updated_at`) VALUES ('20', '7', '20', 'Ipsum et nostrum incidunt voluptatem nostrum qui. Ut est amet non unde suscipit. Quo ipsam voluptas fuga iste officiis porro in. Nulla perspiciatis adipisci vel.', 'sit', 40, NULL, '2004-11-18 14:39:52', '2020-08-15 23:54:20');
INSERT INTO `media` (`id`, `media_type_id`, `user_id`, `body`, `filename`, `size`, `metadata`, `created_at`, `updated_at`) VALUES ('21', '4', '21', 'Est itaque ipsum ea. Quidem exercitationem dolorum reprehenderit doloribus animi distinctio. Porro rerum magni rerum.', 'laudantium', 65550, NULL, '2009-04-13 18:45:03', '1975-04-04 08:00:43');
INSERT INTO `media` (`id`, `media_type_id`, `user_id`, `body`, `filename`, `size`, `metadata`, `created_at`, `updated_at`) VALUES ('22', '7', '22', 'Vero omnis et officia. Nostrum omnis dignissimos cupiditate animi voluptas nobis quo non.', 'iusto', 0, NULL, '1973-02-24 13:23:11', '1988-09-02 05:57:57');
INSERT INTO `media` (`id`, `media_type_id`, `user_id`, `body`, `filename`, `size`, `metadata`, `created_at`, `updated_at`) VALUES ('23', '7', '23', 'Doloribus nesciunt qui doloribus placeat dolores asperiores. Qui magni iste voluptatem vitae sed qui perferendis. Sunt quos assumenda cumque consectetur nam necessitatibus.', 'et', 0, NULL, '1983-10-15 20:49:21', '2003-03-31 07:08:20');
INSERT INTO `media` (`id`, `media_type_id`, `user_id`, `body`, `filename`, `size`, `metadata`, `created_at`, `updated_at`) VALUES ('24', '7', '24', 'Ut cum quia repudiandae at adipisci ut. Dolor veniam magnam quod sunt ea. Ut veritatis optio at est. Molestiae ad iste dolore veniam autem et.', 'rerum', 55472, NULL, '2003-12-11 08:17:50', '2008-05-21 12:38:15');
INSERT INTO `media` (`id`, `media_type_id`, `user_id`, `body`, `filename`, `size`, `metadata`, `created_at`, `updated_at`) VALUES ('25', '9', '25', 'Quasi est amet odit aut sit provident aliquid. Dolorem possimus blanditiis assumenda quasi itaque dolorem non velit.', 'et', 2285, NULL, '2001-01-19 07:29:10', '1986-03-28 04:09:12');
INSERT INTO `media` (`id`, `media_type_id`, `user_id`, `body`, `filename`, `size`, `metadata`, `created_at`, `updated_at`) VALUES ('26', '1', '26', 'Cumque est quod est fuga velit aliquam. Officiis dolorem totam vero ipsum repellat explicabo alias sed. Aut delectus temporibus fugiat voluptatem veritatis voluptatem.', 'consectetur', 8379013, NULL, '2002-03-25 19:36:49', '1970-01-06 14:35:20');
INSERT INTO `media` (`id`, `media_type_id`, `user_id`, `body`, `filename`, `size`, `metadata`, `created_at`, `updated_at`) VALUES ('27', '5', '27', 'Rerum reiciendis inventore accusantium laborum incidunt facilis magni. Ratione magnam est praesentium laudantium sit. Est excepturi hic labore tempore. Minus doloremque eos qui sed et omnis modi.', 'numquam', 26488698, NULL, '1993-02-11 23:46:11', '1979-06-01 22:12:12');
INSERT INTO `media` (`id`, `media_type_id`, `user_id`, `body`, `filename`, `size`, `metadata`, `created_at`, `updated_at`) VALUES ('28', '3', '28', 'At illo eos autem rerum inventore impedit. Aut ut porro aut et. Dicta libero consectetur quis aut illum eaque. Dolores est tempore incidunt enim hic sapiente nihil.', 'dolorem', 791, NULL, '2005-06-06 13:18:40', '2005-06-06 13:56:03');
INSERT INTO `media` (`id`, `media_type_id`, `user_id`, `body`, `filename`, `size`, `metadata`, `created_at`, `updated_at`) VALUES ('29', '2', '29', 'Quae repellendus molestiae iste ab molestiae. Dolores id adipisci ut et. Aspernatur rem ut similique repellendus aut. Occaecati iste dolores accusantium sapiente quod.', 'veritatis', 0, NULL, '1980-05-05 22:42:11', '1973-12-25 22:55:45');
INSERT INTO `media` (`id`, `media_type_id`, `user_id`, `body`, `filename`, `size`, `metadata`, `created_at`, `updated_at`) VALUES ('30', '4', '30', 'Odio ea corrupti beatae aspernatur velit quisquam aspernatur. Id non omnis neque eum vitae dolor quasi suscipit. Vitae nisi ipsa qui ratione quae et. Non sit ad et dolor quis ducimus voluptatem ut.', 'recusandae', 90156961, NULL, '1971-04-06 06:23:44', '2001-01-19 12:44:29');
INSERT INTO `media` (`id`, `media_type_id`, `user_id`, `body`, `filename`, `size`, `metadata`, `created_at`, `updated_at`) VALUES ('31', '1', '31', 'Voluptatibus eveniet dolorum asperiores doloremque quidem sequi. In consequatur facilis et optio et odit. Voluptatibus illum sit ea repellendus architecto et eaque.', 'amet', 977100, NULL, '2015-06-04 20:38:02', '1973-02-15 18:49:15');
INSERT INTO `media` (`id`, `media_type_id`, `user_id`, `body`, `filename`, `size`, `metadata`, `created_at`, `updated_at`) VALUES ('32', '6', '32', 'Sed optio quia sequi modi ut. Animi blanditiis quia asperiores enim. Quos velit nobis optio.', 'omnis', 874727479, NULL, '1987-10-01 08:15:08', '1990-06-05 00:34:27');
INSERT INTO `media` (`id`, `media_type_id`, `user_id`, `body`, `filename`, `size`, `metadata`, `created_at`, `updated_at`) VALUES ('33', '2', '33', 'Itaque aut inventore qui. Ipsam et fuga sunt autem a. Provident ipsam animi et quia eaque sit enim.', 'ex', 75, NULL, '1996-04-13 08:54:46', '2020-04-21 12:34:38');
INSERT INTO `media` (`id`, `media_type_id`, `user_id`, `body`, `filename`, `size`, `metadata`, `created_at`, `updated_at`) VALUES ('34', '8', '34', 'Esse quas consequatur et culpa. Nam aut blanditiis est eaque et velit. Fugiat consequuntur consequatur illo fugiat recusandae omnis. Atque laboriosam vel velit in. Sunt architecto impedit ut.', 'qui', 40, NULL, '1987-10-19 04:20:17', '1972-06-11 11:17:19');
INSERT INTO `media` (`id`, `media_type_id`, `user_id`, `body`, `filename`, `size`, `metadata`, `created_at`, `updated_at`) VALUES ('35', '10', '35', 'Necessitatibus corporis vel vitae vel iste ex. Repellendus atque esse beatae enim maiores ex tempore. Aut nemo consequatur qui autem autem voluptas quia accusamus. Accusantium suscipit qui cupiditate tenetur.', 'temporibus', 72769, NULL, '1997-09-06 17:10:40', '1999-08-31 13:37:41');
INSERT INTO `media` (`id`, `media_type_id`, `user_id`, `body`, `filename`, `size`, `metadata`, `created_at`, `updated_at`) VALUES ('36', '1', '36', 'Quia vitae sit repellat aut quod consequuntur accusantium quae. Odio ut quod aliquam consequatur similique ea tempore eum. Et magnam non repellendus asperiores hic libero. Ipsam dolor atque velit earum odit hic ab.', 'reprehenderit', 765465, NULL, '1971-07-06 01:12:58', '2023-02-01 09:19:21');
INSERT INTO `media` (`id`, `media_type_id`, `user_id`, `body`, `filename`, `size`, `metadata`, `created_at`, `updated_at`) VALUES ('37', '3', '37', 'Perspiciatis adipisci minus aliquid sunt. Qui id hic eveniet esse id. Rerum mollitia ipsa corporis omnis aut.', 'adipisci', 391, NULL, '2009-05-26 21:42:52', '1981-08-02 21:31:40');
INSERT INTO `media` (`id`, `media_type_id`, `user_id`, `body`, `filename`, `size`, `metadata`, `created_at`, `updated_at`) VALUES ('38', '7', '38', 'Voluptatem sapiente hic quisquam vel laborum itaque cum. Provident blanditiis officia occaecati. Repudiandae nisi nesciunt dignissimos laborum sed. Dolore odio neque deleniti repellat.', 'illo', 2574435, NULL, '1991-03-22 02:26:49', '1986-08-18 03:23:54');
INSERT INTO `media` (`id`, `media_type_id`, `user_id`, `body`, `filename`, `size`, `metadata`, `created_at`, `updated_at`) VALUES ('39', '3', '39', 'Minima expedita qui ea nostrum est. In excepturi sunt ut sed voluptatum.', 'velit', 1, NULL, '2004-06-05 12:34:18', '2004-08-31 21:05:06');
INSERT INTO `media` (`id`, `media_type_id`, `user_id`, `body`, `filename`, `size`, `metadata`, `created_at`, `updated_at`) VALUES ('40', '6', '40', 'Distinctio ipsam provident sit. Ut delectus quas voluptas rerum illo. Et qui dolorum repellendus sit esse. Doloremque ipsum dolor similique pariatur. Aliquam qui odio aperiam voluptatem.', 'illo', 549832, NULL, '1979-01-16 12:32:29', '1996-01-22 10:16:01');
INSERT INTO `media` (`id`, `media_type_id`, `user_id`, `body`, `filename`, `size`, `metadata`, `created_at`, `updated_at`) VALUES ('41', '5', '41', 'Est necessitatibus odit eum et ratione ex. Vel quia aut dolor ex alias. Sint facere voluptas aliquid voluptatem.', 'enim', 4358, NULL, '1998-02-17 15:14:49', '1972-08-03 12:43:47');
INSERT INTO `media` (`id`, `media_type_id`, `user_id`, `body`, `filename`, `size`, `metadata`, `created_at`, `updated_at`) VALUES ('42', '6', '42', 'Quibusdam tempora et aut fugiat. Officiis accusamus fugiat explicabo quia nisi voluptate. Et laudantium accusantium iste.', 'delectus', 63, NULL, '2020-11-17 09:12:33', '1999-12-07 01:36:12');
INSERT INTO `media` (`id`, `media_type_id`, `user_id`, `body`, `filename`, `size`, `metadata`, `created_at`, `updated_at`) VALUES ('43', '6', '43', 'Sapiente dolorum odio dolorem et eos minima nihil exercitationem. Consectetur nihil eum dignissimos architecto ut. Atque quas et sed nihil voluptatem quia. Incidunt quia non qui eius voluptatem ut repellat.', 'id', 54, NULL, '2008-09-15 02:56:59', '1998-06-30 13:09:21');
INSERT INTO `media` (`id`, `media_type_id`, `user_id`, `body`, `filename`, `size`, `metadata`, `created_at`, `updated_at`) VALUES ('44', '10', '44', 'Maxime non nesciunt illo ut. Natus earum libero facere laborum. Reprehenderit eos ipsum aliquam sed qui.', 'voluptatem', 375, NULL, '2004-06-28 08:37:33', '2013-01-02 12:36:10');
INSERT INTO `media` (`id`, `media_type_id`, `user_id`, `body`, `filename`, `size`, `metadata`, `created_at`, `updated_at`) VALUES ('45', '1', '45', 'Eos dignissimos doloremque sequi nemo excepturi est. Magnam unde porro sequi quisquam. Commodi ab at occaecati aut molestiae facilis.', 'in', 149, NULL, '2008-06-08 16:04:07', '1981-03-03 12:02:23');
INSERT INTO `media` (`id`, `media_type_id`, `user_id`, `body`, `filename`, `size`, `metadata`, `created_at`, `updated_at`) VALUES ('46', '3', '46', 'Sed similique est distinctio modi in porro odit. A maxime tempore cumque delectus.', 'aut', 0, NULL, '1991-09-10 08:15:10', '1999-03-23 23:07:26');
INSERT INTO `media` (`id`, `media_type_id`, `user_id`, `body`, `filename`, `size`, `metadata`, `created_at`, `updated_at`) VALUES ('47', '3', '47', 'Similique quidem sed similique dolore omnis voluptas. Blanditiis saepe quod dolores nulla officiis fugit aut assumenda. Aut blanditiis ab tempora repudiandae qui et repellat.', 'harum', 428193, NULL, '1993-01-24 02:28:09', '2003-08-04 08:55:52');
INSERT INTO `media` (`id`, `media_type_id`, `user_id`, `body`, `filename`, `size`, `metadata`, `created_at`, `updated_at`) VALUES ('48', '9', '48', 'Earum inventore suscipit voluptatem nam ducimus ut dolorem. Ut expedita exercitationem distinctio praesentium voluptatem tempora. Consequatur voluptatum aut nihil adipisci fugiat mollitia aut.', 'eum', 362, NULL, '1976-03-11 00:30:46', '2001-10-19 06:45:53');
INSERT INTO `media` (`id`, `media_type_id`, `user_id`, `body`, `filename`, `size`, `metadata`, `created_at`, `updated_at`) VALUES ('49', '9', '49', 'Iure unde molestiae quo incidunt. Distinctio vitae nihil corporis quia aut veritatis non harum. Voluptates animi adipisci pariatur quis sint quis. Et repudiandae quia doloribus hic.', 'et', 87719, NULL, '2004-12-22 13:09:22', '1990-10-21 14:06:10');
INSERT INTO `media` (`id`, `media_type_id`, `user_id`, `body`, `filename`, `size`, `metadata`, `created_at`, `updated_at`) VALUES ('50', '8', '50', 'Et iste saepe aperiam. Quo debitis et eligendi deserunt consequuntur facilis. Non ut dolores nulla aspernatur ex incidunt a. Velit dignissimos consequatur quia enim. Maiores alias consequatur cumque repellat natus est.', 'ipsam', 184, NULL, '2006-12-23 06:28:26', '1997-09-25 16:09:56');
INSERT INTO `media` (`id`, `media_type_id`, `user_id`, `body`, `filename`, `size`, `metadata`, `created_at`, `updated_at`) VALUES ('51', '3', '51', 'Repudiandae minus sed corrupti reiciendis. Aut laudantium et accusamus excepturi cumque doloremque. Repudiandae illo quaerat incidunt perspiciatis. Nam cupiditate ut sapiente tenetur. Blanditiis inventore sapiente qui recusandae consequatur beatae aut.', 'unde', 83084, NULL, '1973-05-27 18:36:46', '2019-10-29 14:05:13');
INSERT INTO `media` (`id`, `media_type_id`, `user_id`, `body`, `filename`, `size`, `metadata`, `created_at`, `updated_at`) VALUES ('52', '1', '52', 'Nihil nemo consequatur quis dolor incidunt dolorem cumque sequi. Fugit beatae fuga animi. Nulla mollitia aspernatur architecto. Neque voluptatem accusamus natus.', 'dignissimos', 1, NULL, '2019-02-13 01:34:47', '1986-06-12 22:07:11');
INSERT INTO `media` (`id`, `media_type_id`, `user_id`, `body`, `filename`, `size`, `metadata`, `created_at`, `updated_at`) VALUES ('53', '6', '53', 'Voluptatibus sequi esse ratione ipsam quia culpa. Et cum distinctio id assumenda nulla est. Est excepturi aut nihil totam earum laborum.', 'in', 60, NULL, '1978-09-22 18:56:43', '2013-11-16 20:35:11');
INSERT INTO `media` (`id`, `media_type_id`, `user_id`, `body`, `filename`, `size`, `metadata`, `created_at`, `updated_at`) VALUES ('54', '4', '54', 'Sed magni aut deserunt necessitatibus quod natus laudantium commodi. Minus dolorum eligendi quaerat atque ipsum. Sequi aut corrupti quasi totam. Est dolorem itaque assumenda et enim veritatis quia.', 'molestiae', 29, NULL, '2013-11-19 09:25:03', '1981-08-13 23:22:04');
INSERT INTO `media` (`id`, `media_type_id`, `user_id`, `body`, `filename`, `size`, `metadata`, `created_at`, `updated_at`) VALUES ('55', '3', '55', 'Sit dolores sapiente est saepe magnam dolor non sit. Quis eum consequuntur qui quia at. Quis tempora repellendus vitae voluptatem sed voluptates est esse. Eum et numquam eum.', 'sunt', 922, NULL, '1984-02-17 09:17:57', '1987-06-16 08:32:13');
INSERT INTO `media` (`id`, `media_type_id`, `user_id`, `body`, `filename`, `size`, `metadata`, `created_at`, `updated_at`) VALUES ('56', '1', '56', 'In distinctio ut perspiciatis quis enim voluptate. Sunt laborum ducimus quaerat ut. Numquam ut aperiam quo dolor est.', 'officiis', 5, NULL, '2014-07-10 17:23:52', '2021-05-03 09:30:11');
INSERT INTO `media` (`id`, `media_type_id`, `user_id`, `body`, `filename`, `size`, `metadata`, `created_at`, `updated_at`) VALUES ('57', '9', '57', 'Non quia ducimus et corporis assumenda odit possimus. Ea nesciunt quae modi sit. Odit illo sed incidunt.', 'nobis', 73, NULL, '1978-03-11 05:23:33', '1993-12-18 13:39:51');
INSERT INTO `media` (`id`, `media_type_id`, `user_id`, `body`, `filename`, `size`, `metadata`, `created_at`, `updated_at`) VALUES ('58', '7', '58', 'Est excepturi repellendus vel omnis pariatur repellat iure. Dolore ipsum autem officiis quos. Ipsum rerum ut in inventore. Quibusdam velit mollitia est facere sed tempora pariatur molestias.', 'minus', 71941, NULL, '2009-06-06 07:09:17', '1980-02-12 14:06:52');
INSERT INTO `media` (`id`, `media_type_id`, `user_id`, `body`, `filename`, `size`, `metadata`, `created_at`, `updated_at`) VALUES ('59', '10', '59', 'Eius laborum harum provident repellendus et est. Alias rem sequi neque. Placeat qui ut est non est sed.', 'aspernatur', 0, NULL, '1998-01-17 17:48:16', '2009-01-18 20:20:25');
INSERT INTO `media` (`id`, `media_type_id`, `user_id`, `body`, `filename`, `size`, `metadata`, `created_at`, `updated_at`) VALUES ('60', '6', '60', 'Nulla dolorem quas et nam. Repellendus consequatur aliquid fuga eum sapiente quasi. Molestiae itaque sapiente quis quo quibusdam nostrum. Omnis laborum quia et dolore ipsum possimus in.', 'provident', 888173, NULL, '2017-10-30 23:51:14', '2011-03-05 22:03:46');
INSERT INTO `media` (`id`, `media_type_id`, `user_id`, `body`, `filename`, `size`, `metadata`, `created_at`, `updated_at`) VALUES ('61', '7', '61', 'Voluptatem in enim expedita doloribus temporibus. Tenetur nobis nam nobis eius. Eligendi modi dolore rerum maiores id laborum praesentium.', 'ut', 0, NULL, '2009-12-07 08:50:27', '2020-02-14 04:24:10');
INSERT INTO `media` (`id`, `media_type_id`, `user_id`, `body`, `filename`, `size`, `metadata`, `created_at`, `updated_at`) VALUES ('62', '8', '62', 'Itaque qui impedit eius reprehenderit. Voluptatem suscipit provident corrupti nobis quia commodi.', 'vitae', 5, NULL, '1989-05-23 22:38:08', '1983-08-01 05:10:46');
INSERT INTO `media` (`id`, `media_type_id`, `user_id`, `body`, `filename`, `size`, `metadata`, `created_at`, `updated_at`) VALUES ('63', '3', '63', 'Explicabo consequatur voluptate iure eos. Non consequatur unde nihil animi. Delectus vitae in nemo nemo nisi. Omnis molestiae eum ducimus consectetur illo modi. Possimus dolorem hic quos soluta unde.', 'hic', 0, NULL, '1992-10-15 23:51:20', '2009-02-23 18:20:53');
INSERT INTO `media` (`id`, `media_type_id`, `user_id`, `body`, `filename`, `size`, `metadata`, `created_at`, `updated_at`) VALUES ('64', '4', '64', 'Eligendi dignissimos quia quisquam dignissimos qui. Nesciunt qui nemo vero et. Omnis ea sunt molestias officia veritatis voluptas consequatur. Repellat sequi id et amet quam.', 'consequuntur', 5, NULL, '2021-07-07 10:02:52', '2013-02-02 16:45:39');
INSERT INTO `media` (`id`, `media_type_id`, `user_id`, `body`, `filename`, `size`, `metadata`, `created_at`, `updated_at`) VALUES ('65', '4', '65', 'Molestiae quidem id quam magni sed et natus. Omnis eum ut quia eius porro reiciendis eligendi eos. Quia asperiores dignissimos eos et veniam. Reiciendis autem sit rem soluta vero suscipit voluptatem.', 'veniam', 6150077, NULL, '1973-08-26 19:31:23', '1995-02-25 10:42:20');
INSERT INTO `media` (`id`, `media_type_id`, `user_id`, `body`, `filename`, `size`, `metadata`, `created_at`, `updated_at`) VALUES ('66', '2', '66', 'Repellendus perferendis expedita delectus assumenda necessitatibus. Iure fugit impedit maxime id placeat nesciunt. Laboriosam totam quam deserunt aut ducimus autem quia modi. Dolor est qui saepe adipisci eos ab enim voluptas. Itaque atque sed culpa asperiores quisquam vel qui.', 'et', 1637, NULL, '2003-08-21 03:55:01', '1992-08-07 18:59:07');
INSERT INTO `media` (`id`, `media_type_id`, `user_id`, `body`, `filename`, `size`, `metadata`, `created_at`, `updated_at`) VALUES ('67', '9', '67', 'Labore exercitationem pariatur ratione quod eos. Est hic explicabo qui voluptas et nemo. Quod est rem consequuntur ut nisi veniam. Vel dolores inventore sint est odit molestiae.', 'deserunt', 14, NULL, '2014-06-19 03:48:01', '2007-01-17 19:19:28');
INSERT INTO `media` (`id`, `media_type_id`, `user_id`, `body`, `filename`, `size`, `metadata`, `created_at`, `updated_at`) VALUES ('68', '10', '68', 'Rerum eum excepturi deleniti perspiciatis ex alias. Tenetur saepe rem officia perferendis provident ipsam omnis. Ea unde qui dolorem non quia earum et. Eligendi molestiae quos quis laudantium consequatur.', 'voluptatem', 935228, NULL, '1986-04-22 23:44:58', '2017-08-24 00:37:38');
INSERT INTO `media` (`id`, `media_type_id`, `user_id`, `body`, `filename`, `size`, `metadata`, `created_at`, `updated_at`) VALUES ('69', '7', '69', 'Nam nihil optio nihil aut dolore repellat. Et aut architecto sed asperiores. Ut suscipit vel sit id expedita iure voluptatem sed. Ad omnis ullam aperiam id quis et.', 'dicta', 3, NULL, '1989-02-26 19:33:27', '1999-08-13 09:32:57');
INSERT INTO `media` (`id`, `media_type_id`, `user_id`, `body`, `filename`, `size`, `metadata`, `created_at`, `updated_at`) VALUES ('70', '3', '70', 'Corporis vitae aut voluptatem suscipit harum. Saepe expedita harum iste temporibus alias qui et. Veniam ea maxime corrupti voluptatem hic quas repellat.', 'nobis', 1007, NULL, '2019-05-26 09:20:06', '1997-06-12 21:01:41');
INSERT INTO `media` (`id`, `media_type_id`, `user_id`, `body`, `filename`, `size`, `metadata`, `created_at`, `updated_at`) VALUES ('71', '10', '71', 'Aspernatur non necessitatibus sit quisquam consequuntur ut voluptate. Et alias est corrupti quod laudantium. Totam nostrum qui mollitia molestiae in ut quam.', 'porro', 60, NULL, '2004-06-27 15:09:35', '1982-06-04 08:07:34');
INSERT INTO `media` (`id`, `media_type_id`, `user_id`, `body`, `filename`, `size`, `metadata`, `created_at`, `updated_at`) VALUES ('72', '4', '72', 'Iure maiores ipsa fugit minus. Magnam quibusdam alias odio id. Nihil accusamus occaecati molestiae eius sit in repudiandae eum.', 'quaerat', 64627609, NULL, '1971-08-25 03:51:18', '1972-01-11 16:50:50');
INSERT INTO `media` (`id`, `media_type_id`, `user_id`, `body`, `filename`, `size`, `metadata`, `created_at`, `updated_at`) VALUES ('73', '8', '73', 'Dolor eum in maxime consectetur. Qui corporis aut quos soluta quo et. Temporibus molestiae modi ex qui. Qui voluptatem est impedit quidem repudiandae. Facilis voluptas voluptate aut qui harum.', 'molestiae', 48825987, NULL, '2010-01-04 17:24:31', '1992-05-26 07:28:28');
INSERT INTO `media` (`id`, `media_type_id`, `user_id`, `body`, `filename`, `size`, `metadata`, `created_at`, `updated_at`) VALUES ('74', '1', '74', 'Tenetur numquam delectus cumque iste odit. Quos quo molestiae aspernatur. Optio voluptatem aliquid est et velit.', 'et', 523398974, NULL, '1989-01-08 05:39:23', '2007-11-14 00:35:00');
INSERT INTO `media` (`id`, `media_type_id`, `user_id`, `body`, `filename`, `size`, `metadata`, `created_at`, `updated_at`) VALUES ('75', '4', '75', 'Qui iste provident quia iusto. Sed voluptatum quo praesentium deleniti magnam. Iure ea similique aut similique.', 'iste', 2, NULL, '1970-01-21 12:05:14', '1984-06-07 17:27:28');
INSERT INTO `media` (`id`, `media_type_id`, `user_id`, `body`, `filename`, `size`, `metadata`, `created_at`, `updated_at`) VALUES ('76', '1', '76', 'Sit quas explicabo repellendus nulla. Velit voluptatem est totam cupiditate qui. Sint sint dolorum laudantium ullam. Natus natus accusamus similique voluptatem dolorem placeat voluptatum doloremque.', 'et', 732, NULL, '2002-11-13 00:44:18', '2004-01-01 15:38:02');
INSERT INTO `media` (`id`, `media_type_id`, `user_id`, `body`, `filename`, `size`, `metadata`, `created_at`, `updated_at`) VALUES ('77', '1', '77', 'Totam non quod qui deserunt incidunt suscipit culpa. Alias qui et veritatis. Omnis saepe mollitia consequuntur. At officiis est quia harum aliquam soluta et.', 'necessitatibus', 7, NULL, '1994-02-10 21:52:44', '2012-08-26 06:53:16');
INSERT INTO `media` (`id`, `media_type_id`, `user_id`, `body`, `filename`, `size`, `metadata`, `created_at`, `updated_at`) VALUES ('78', '5', '78', 'Dignissimos non voluptas accusantium iste nulla officiis. Fugit veritatis cumque officia repellendus praesentium saepe animi. Ut tenetur placeat dicta sed amet dolorum sit itaque. Ut cum eos incidunt repellat aut repudiandae velit.', 'dolorum', 98459545, NULL, '1994-04-18 14:14:39', '1972-12-18 17:21:24');
INSERT INTO `media` (`id`, `media_type_id`, `user_id`, `body`, `filename`, `size`, `metadata`, `created_at`, `updated_at`) VALUES ('79', '9', '79', 'Autem et eos voluptatem qui. Animi voluptas dolore eius eum cumque. Ratione excepturi id nihil a commodi. Aut non ad eveniet nemo et et.', 'beatae', 56250168, NULL, '2017-05-02 23:34:26', '1977-06-28 06:52:19');
INSERT INTO `media` (`id`, `media_type_id`, `user_id`, `body`, `filename`, `size`, `metadata`, `created_at`, `updated_at`) VALUES ('80', '5', '80', 'Rem qui ad saepe nulla. Voluptate quis ipsam voluptate quas. Culpa sunt cupiditate illo a. Et possimus omnis cumque nemo sit.', 'tenetur', 48629, NULL, '1974-05-02 19:45:12', '1990-01-10 08:32:31');
INSERT INTO `media` (`id`, `media_type_id`, `user_id`, `body`, `filename`, `size`, `metadata`, `created_at`, `updated_at`) VALUES ('81', '4', '81', 'Odit laudantium iste consequuntur molestiae totam et optio. Rem reprehenderit rerum omnis maiores consequuntur qui qui. Vero esse non et est recusandae. Dolorem eos debitis qui voluptatem rerum aliquam aut. Consequuntur quos deserunt occaecati non soluta odit dicta.', 'eum', 0, NULL, '1984-03-17 10:31:26', '2021-11-16 01:00:43');
INSERT INTO `media` (`id`, `media_type_id`, `user_id`, `body`, `filename`, `size`, `metadata`, `created_at`, `updated_at`) VALUES ('82', '5', '82', 'Vel repellendus a omnis eos quis. Et aut tenetur sequi quod. In repudiandae at ratione autem. Molestias iure sunt voluptatibus dolorum cumque minus. Aspernatur earum amet ut rerum ex nemo iure.', 'exercitationem', 0, NULL, '1996-03-08 12:35:22', '2004-11-25 23:50:58');
INSERT INTO `media` (`id`, `media_type_id`, `user_id`, `body`, `filename`, `size`, `metadata`, `created_at`, `updated_at`) VALUES ('83', '3', '83', 'Vitae alias et assumenda magnam. Sit voluptas esse reprehenderit quaerat porro. Possimus dolore corrupti eos exercitationem amet molestiae eum.', 'et', 145851883, NULL, '2016-07-31 05:35:49', '1999-09-04 16:18:43');
INSERT INTO `media` (`id`, `media_type_id`, `user_id`, `body`, `filename`, `size`, `metadata`, `created_at`, `updated_at`) VALUES ('84', '6', '84', 'Inventore deleniti beatae aliquam non consequatur adipisci dolorem. Tenetur commodi non ea officia sit magnam. Eum sed quis soluta repellat et.', 'modi', 824342, NULL, '1981-12-17 15:27:03', '2017-02-14 18:42:38');
INSERT INTO `media` (`id`, `media_type_id`, `user_id`, `body`, `filename`, `size`, `metadata`, `created_at`, `updated_at`) VALUES ('85', '6', '85', 'Nihil voluptatibus et quo eveniet recusandae. Voluptate fugiat unde maiores harum neque alias repellendus. Occaecati vitae qui ipsum aliquid. Dignissimos non provident iste vel sit doloremque.', 'dolores', 576366, NULL, '1987-09-15 08:13:13', '2017-09-15 18:45:42');
INSERT INTO `media` (`id`, `media_type_id`, `user_id`, `body`, `filename`, `size`, `metadata`, `created_at`, `updated_at`) VALUES ('86', '5', '86', 'Doloribus id illo laudantium nihil. Corrupti corporis similique nisi rem fugit laboriosam. Ea repellat soluta excepturi provident non et placeat. Blanditiis eum nihil deserunt nisi ullam unde.', 'officia', 2730, NULL, '2022-11-07 10:16:32', '1998-09-07 10:16:24');
INSERT INTO `media` (`id`, `media_type_id`, `user_id`, `body`, `filename`, `size`, `metadata`, `created_at`, `updated_at`) VALUES ('87', '5', '87', 'Delectus commodi assumenda quo nihil qui. Tenetur laborum quae nisi placeat quae. Voluptatum doloremque officia quibusdam molestias quidem. Eius iste dolor ipsam praesentium placeat.', 'sunt', 6, NULL, '1974-06-06 03:32:54', '2011-06-19 19:37:25');
INSERT INTO `media` (`id`, `media_type_id`, `user_id`, `body`, `filename`, `size`, `metadata`, `created_at`, `updated_at`) VALUES ('88', '9', '88', 'Aut qui molestiae voluptatum velit laborum adipisci. Quibusdam quaerat necessitatibus aut laboriosam placeat quo. In consequatur consequatur ut debitis nemo. Voluptatem ut aut cumque hic unde.', 'laudantium', 0, NULL, '1974-08-24 18:41:27', '1977-11-16 03:38:19');
INSERT INTO `media` (`id`, `media_type_id`, `user_id`, `body`, `filename`, `size`, `metadata`, `created_at`, `updated_at`) VALUES ('89', '5', '89', 'Impedit alias cumque iure fugiat voluptatem tempore eveniet veniam. Architecto et magnam qui et ipsum architecto.', 'nobis', 95661274, NULL, '1973-06-21 16:22:21', '1976-08-01 08:27:27');
INSERT INTO `media` (`id`, `media_type_id`, `user_id`, `body`, `filename`, `size`, `metadata`, `created_at`, `updated_at`) VALUES ('90', '5', '90', 'Doloribus animi eveniet sint quia. Earum vero non nisi occaecati.', 'enim', 36, NULL, '1990-06-03 18:17:41', '2008-06-18 21:16:58');
INSERT INTO `media` (`id`, `media_type_id`, `user_id`, `body`, `filename`, `size`, `metadata`, `created_at`, `updated_at`) VALUES ('91', '9', '91', 'Alias accusantium omnis et rerum. Voluptas veritatis necessitatibus aut perspiciatis consequatur labore. Dicta error placeat fuga beatae consequatur architecto.', 'placeat', 7212, NULL, '1984-10-04 21:35:34', '2022-05-07 10:13:22');
INSERT INTO `media` (`id`, `media_type_id`, `user_id`, `body`, `filename`, `size`, `metadata`, `created_at`, `updated_at`) VALUES ('92', '7', '92', 'Doloribus dolores asperiores omnis aut molestias reiciendis placeat. Illum in omnis alias voluptas esse velit. Est esse dicta et excepturi eveniet quasi.', 'voluptates', 0, NULL, '1990-10-23 02:10:41', '1983-10-05 08:03:47');
INSERT INTO `media` (`id`, `media_type_id`, `user_id`, `body`, `filename`, `size`, `metadata`, `created_at`, `updated_at`) VALUES ('93', '2', '93', 'Quia cum neque aut similique nihil. Sit rem eum saepe ex perferendis ab explicabo facilis. Dicta non sed vel.', 'debitis', 9832084, NULL, '1978-02-27 20:39:27', '2012-11-15 06:26:30');
INSERT INTO `media` (`id`, `media_type_id`, `user_id`, `body`, `filename`, `size`, `metadata`, `created_at`, `updated_at`) VALUES ('94', '8', '94', 'Mollitia et tenetur autem. Et asperiores sit saepe alias earum. Explicabo ut magnam consequatur aut vero similique impedit.', 'omnis', 698911812, NULL, '1985-07-01 07:25:02', '1984-02-19 19:57:01');
INSERT INTO `media` (`id`, `media_type_id`, `user_id`, `body`, `filename`, `size`, `metadata`, `created_at`, `updated_at`) VALUES ('95', '2', '95', 'Dolorem et voluptas ut fuga. Veniam accusamus et ut eos sit quos repudiandae. Beatae dignissimos optio et ut sapiente voluptatum.', 'quisquam', 6678258, NULL, '1991-04-07 19:04:45', '1993-04-10 04:19:47');
INSERT INTO `media` (`id`, `media_type_id`, `user_id`, `body`, `filename`, `size`, `metadata`, `created_at`, `updated_at`) VALUES ('96', '2', '96', 'Repellendus eveniet repudiandae dolores veritatis vitae. Voluptas ipsum facilis optio cumque nostrum aspernatur ut cum. Ut magni quia sit beatae alias doloremque. Necessitatibus deserunt placeat iste eos.', 'sit', 48518, NULL, '1979-08-17 09:45:01', '1976-08-07 06:38:21');
INSERT INTO `media` (`id`, `media_type_id`, `user_id`, `body`, `filename`, `size`, `metadata`, `created_at`, `updated_at`) VALUES ('97', '5', '97', 'Doloribus non quisquam sit quis. Omnis architecto facilis enim vel quis. Similique nesciunt sed omnis dicta. Et rem ea ducimus nesciunt.', 'rerum', 33132, NULL, '1996-05-09 05:38:06', '2015-01-29 13:25:27');
INSERT INTO `media` (`id`, `media_type_id`, `user_id`, `body`, `filename`, `size`, `metadata`, `created_at`, `updated_at`) VALUES ('98', '6', '98', 'Ut ullam doloremque sit quia cumque enim. Aut veniam amet autem eum rerum optio. Mollitia temporibus placeat ullam earum doloribus voluptas molestiae tempora.', 'voluptas', 610, NULL, '1995-03-08 14:10:41', '1993-04-10 03:27:28');
INSERT INTO `media` (`id`, `media_type_id`, `user_id`, `body`, `filename`, `size`, `metadata`, `created_at`, `updated_at`) VALUES ('99', '7', '99', 'At autem quas ut possimus et accusamus dicta. Consequatur occaecati excepturi et exercitationem. Qui molestias optio quaerat vel sed ipsa expedita recusandae.', 'voluptatem', 930491755, NULL, '1991-07-29 18:52:28', '2016-02-09 08:24:01');
INSERT INTO `media` (`id`, `media_type_id`, `user_id`, `body`, `filename`, `size`, `metadata`, `created_at`, `updated_at`) VALUES ('100', '7', '100', 'Voluptate dignissimos perferendis non est sunt. Sint consequatur non blanditiis voluptates perferendis repellendus. Tempora magnam est voluptatum aliquam inventore. Quas voluptas suscipit accusantium eum non reprehenderit sed.', 'aliquam', 7, NULL, '2012-12-12 14:46:53', '2005-10-14 02:12:17');


#
# TABLE STRUCTURE FOR: media_types
#

DROP TABLE IF EXISTS `media_types`;

CREATE TABLE `media_types` (
  `id` bigint(20) unsigned NOT NULL AUTO_INCREMENT,
  `name` varchar(255) COLLATE utf8mb4_unicode_ci DEFAULT NULL,
  `created_at` datetime DEFAULT current_timestamp(),
  `updated_at` datetime DEFAULT current_timestamp() ON UPDATE current_timestamp(),
  PRIMARY KEY (`id`)
) ENGINE=InnoDB AUTO_INCREMENT=11 DEFAULT CHARSET=utf8mb4 COLLATE=utf8mb4_unicode_ci;

INSERT INTO `media_types` (`id`, `name`, `created_at`, `updated_at`) VALUES ('1', 'est', '1970-02-11 06:36:02', '1987-09-01 18:58:50');
INSERT INTO `media_types` (`id`, `name`, `created_at`, `updated_at`) VALUES ('2', 'aut', '2017-04-14 06:25:11', '2000-11-29 13:55:52');
INSERT INTO `media_types` (`id`, `name`, `created_at`, `updated_at`) VALUES ('3', 'nobis', '2011-11-27 15:43:54', '1974-01-11 21:42:50');
INSERT INTO `media_types` (`id`, `name`, `created_at`, `updated_at`) VALUES ('4', 'eligendi', '2022-09-01 23:52:33', '2023-01-04 20:01:21');
INSERT INTO `media_types` (`id`, `name`, `created_at`, `updated_at`) VALUES ('5', 'enim', '2010-02-02 15:56:07', '1975-12-29 12:42:46');
INSERT INTO `media_types` (`id`, `name`, `created_at`, `updated_at`) VALUES ('6', 'molestias', '2004-03-24 23:21:53', '2010-03-21 11:58:50');
INSERT INTO `media_types` (`id`, `name`, `created_at`, `updated_at`) VALUES ('7', 'fugiat', '2001-12-02 19:06:10', '2020-07-12 12:35:37');
INSERT INTO `media_types` (`id`, `name`, `created_at`, `updated_at`) VALUES ('8', 'cumque', '2018-03-20 08:45:49', '1982-09-07 08:48:02');
INSERT INTO `media_types` (`id`, `name`, `created_at`, `updated_at`) VALUES ('9', 'id', '2011-08-24 09:24:49', '2006-02-07 18:17:26');
INSERT INTO `media_types` (`id`, `name`, `created_at`, `updated_at`) VALUES ('10', 'ex', '1994-10-30 04:49:55', '2016-10-16 13:41:30');


#
# TABLE STRUCTURE FOR: messages
#

DROP TABLE IF EXISTS `messages`;

CREATE TABLE `messages` (
  `id` bigint(20) unsigned NOT NULL AUTO_INCREMENT,
  `from_user_id` bigint(20) unsigned NOT NULL,
  `to_user_id` bigint(20) unsigned NOT NULL,
  `body` text COLLATE utf8mb4_unicode_ci DEFAULT NULL,
  `created_at` datetime DEFAULT current_timestamp(),
  PRIMARY KEY (`id`),
  KEY `from_user_id` (`from_user_id`),
  KEY `to_user_id` (`to_user_id`),
  CONSTRAINT `messages_ibfk_1` FOREIGN KEY (`from_user_id`) REFERENCES `users` (`id`) ON DELETE CASCADE ON UPDATE CASCADE,
  CONSTRAINT `messages_ibfk_2` FOREIGN KEY (`to_user_id`) REFERENCES `users` (`id`) ON DELETE CASCADE ON UPDATE CASCADE
) ENGINE=InnoDB AUTO_INCREMENT=501 DEFAULT CHARSET=utf8mb4 COLLATE=utf8mb4_unicode_ci;

INSERT INTO `messages` (`id`, `from_user_id`, `to_user_id`, `body`, `created_at`) VALUES ('401', '35', '34', 'Est totam cumque corrupti similique molestiae aliquam. Suscipit quis ab quas nesciunt deserunt neque. Debitis rem reprehenderit illo eum.', '1990-04-09 07:53:08');
INSERT INTO `messages` (`id`, `from_user_id`, `to_user_id`, `body`, `created_at`) VALUES ('402', '98', '45', 'Veritatis vel odio aspernatur. Sit velit velit eos aperiam. Enim alias atque consequatur cumque sunt. Et omnis quidem ipsa vel atque numquam. Eveniet est quaerat non non dolore placeat est.', '2003-12-02 17:11:43');
INSERT INTO `messages` (`id`, `from_user_id`, `to_user_id`, `body`, `created_at`) VALUES ('403', '91', '64', 'Dicta harum beatae aspernatur ut. Voluptate reprehenderit aut totam qui molestias. Nobis ad voluptas et deserunt nisi magni maxime. Perferendis odit necessitatibus incidunt eligendi. Illo doloribus quia est laboriosam.', '1990-07-06 21:16:40');
INSERT INTO `messages` (`id`, `from_user_id`, `to_user_id`, `body`, `created_at`) VALUES ('404', '4', '38', 'Aut quisquam et quam laborum. Reprehenderit atque dolor vel corporis asperiores inventore et. Eaque praesentium et qui debitis similique. Enim dolores similique voluptas asperiores. Accusantium enim rerum necessitatibus et.', '2007-10-19 18:39:19');
INSERT INTO `messages` (`id`, `from_user_id`, `to_user_id`, `body`, `created_at`) VALUES ('405', '34', '93', 'Quia eos sit commodi distinctio vitae repellendus aliquid. Dolorum provident et neque accusamus laborum. Minus quidem dolore et voluptatem ab consequatur error. Voluptatem est non deserunt molestiae.', '1985-03-08 05:04:06');
INSERT INTO `messages` (`id`, `from_user_id`, `to_user_id`, `body`, `created_at`) VALUES ('406', '14', '9', 'Eligendi in possimus nisi eum nemo voluptatum qui animi. Voluptatem qui est hic repudiandae vero. Repellendus vitae et velit dolor minus iusto. Quod doloremque mollitia et dolorem perferendis numquam.', '1971-06-01 16:21:28');
INSERT INTO `messages` (`id`, `from_user_id`, `to_user_id`, `body`, `created_at`) VALUES ('407', '24', '89', 'Vel esse perferendis temporibus aliquam repellat. Dolorem adipisci consequatur labore temporibus. Fuga quod nobis laboriosam illo. Architecto nulla nisi harum sunt natus consequatur.', '2003-03-18 08:26:23');
INSERT INTO `messages` (`id`, `from_user_id`, `to_user_id`, `body`, `created_at`) VALUES ('408', '97', '87', 'Est id quis repudiandae ad consequatur cupiditate. Id alias nulla quaerat. Ut temporibus eaque nihil et. Similique sint repellendus aut unde.', '1971-02-21 19:47:30');
INSERT INTO `messages` (`id`, `from_user_id`, `to_user_id`, `body`, `created_at`) VALUES ('409', '93', '62', 'Exercitationem autem aut provident facilis aspernatur possimus. Quos ea eaque consectetur laudantium soluta tempora. Esse vel dolore sunt delectus cum commodi perspiciatis.', '2021-03-12 19:16:33');
INSERT INTO `messages` (`id`, `from_user_id`, `to_user_id`, `body`, `created_at`) VALUES ('410', '31', '56', 'Voluptatum dignissimos accusamus dolores quo. Modi maiores qui autem. Ab repellat quae est dolorem tenetur et.', '1991-03-29 22:08:33');
INSERT INTO `messages` (`id`, `from_user_id`, `to_user_id`, `body`, `created_at`) VALUES ('411', '88', '45', 'Corrupti quis perspiciatis vero molestias. Rerum aut sint dolor sint eligendi. Pariatur quis sed nemo quis.', '1970-02-22 23:00:43');
INSERT INTO `messages` (`id`, `from_user_id`, `to_user_id`, `body`, `created_at`) VALUES ('412', '81', '52', 'Qui ducimus itaque qui dicta. Aspernatur minima expedita dolores alias quia. Voluptatem non adipisci molestiae quibusdam veniam voluptatum. Autem velit nam exercitationem placeat deleniti vel nesciunt.', '1998-01-15 21:46:58');
INSERT INTO `messages` (`id`, `from_user_id`, `to_user_id`, `body`, `created_at`) VALUES ('413', '6', '91', 'Voluptatem voluptas consequuntur ea minima. Voluptatem vel ipsa aut ut. Voluptatum est qui minima maxime cumque vero qui accusamus.', '1982-01-13 23:03:44');
INSERT INTO `messages` (`id`, `from_user_id`, `to_user_id`, `body`, `created_at`) VALUES ('414', '44', '82', 'Dolores voluptas vero voluptate velit quasi quisquam provident. Temporibus eveniet temporibus eligendi.', '1992-09-16 20:54:18');
INSERT INTO `messages` (`id`, `from_user_id`, `to_user_id`, `body`, `created_at`) VALUES ('415', '42', '90', 'Ratione est molestias qui ut eum ipsum explicabo. Quasi labore sit id repudiandae voluptas. Et cum nostrum et nemo voluptas ex.', '2019-10-09 11:38:18');
INSERT INTO `messages` (`id`, `from_user_id`, `to_user_id`, `body`, `created_at`) VALUES ('416', '77', '63', 'Qui neque officiis atque eum dolor vero dolorem. Quia molestias omnis ut eum aut vitae alias animi. Qui debitis quisquam neque aut ut explicabo maxime.', '1983-08-29 16:12:33');
INSERT INTO `messages` (`id`, `from_user_id`, `to_user_id`, `body`, `created_at`) VALUES ('417', '99', '46', 'Rerum officia ut quis esse possimus. Minus est hic qui non beatae. Voluptatem nam nesciunt quia quae incidunt. Quo iste culpa consectetur ea.', '2023-02-25 23:15:36');
INSERT INTO `messages` (`id`, `from_user_id`, `to_user_id`, `body`, `created_at`) VALUES ('418', '82', '53', 'Ad sed aliquam repudiandae voluptatem. Ut molestias quia hic nemo recusandae. Eveniet tempore quae praesentium at eaque corrupti tempora est.', '1975-07-20 01:00:36');
INSERT INTO `messages` (`id`, `from_user_id`, `to_user_id`, `body`, `created_at`) VALUES ('419', '64', '66', 'Est veritatis blanditiis et quasi nobis. Sunt ut eaque aspernatur adipisci odit. Molestias molestiae quasi itaque.', '1991-09-01 23:26:39');
INSERT INTO `messages` (`id`, `from_user_id`, `to_user_id`, `body`, `created_at`) VALUES ('420', '26', '8', 'Perferendis voluptatem illum dolorum quisquam voluptate autem. Dolores rem magni voluptas nulla alias corrupti. Earum optio et voluptatum consequatur rerum eaque. Et omnis aperiam alias tempore libero. Eaque dolorem qui id saepe eius.', '1990-05-08 07:48:33');
INSERT INTO `messages` (`id`, `from_user_id`, `to_user_id`, `body`, `created_at`) VALUES ('421', '39', '84', 'Sit id officia alias sit ut non. Inventore incidunt vero voluptatem maiores ut. Et quibusdam culpa iusto laborum expedita accusamus possimus.', '2022-12-19 14:49:13');
INSERT INTO `messages` (`id`, `from_user_id`, `to_user_id`, `body`, `created_at`) VALUES ('422', '8', '4', 'Soluta et rerum qui quasi iusto. Eius quia consectetur tempore quasi sit suscipit. Odit unde porro assumenda numquam ut.', '1996-06-02 02:58:51');
INSERT INTO `messages` (`id`, `from_user_id`, `to_user_id`, `body`, `created_at`) VALUES ('423', '64', '27', 'Amet omnis hic optio et. Laudantium itaque similique expedita molestias. Libero ea quam facilis officia rerum.', '2009-02-21 01:59:46');
INSERT INTO `messages` (`id`, `from_user_id`, `to_user_id`, `body`, `created_at`) VALUES ('424', '21', '12', 'Magni ut ipsam molestiae praesentium dolor. Ea quia voluptate aut est quidem ut voluptatum.', '2014-11-28 22:43:54');
INSERT INTO `messages` (`id`, `from_user_id`, `to_user_id`, `body`, `created_at`) VALUES ('425', '51', '91', 'Et asperiores nam nam est ad repudiandae culpa. Incidunt repellendus culpa culpa esse perspiciatis. Ab sed a quia delectus harum.', '1998-04-06 06:32:00');
INSERT INTO `messages` (`id`, `from_user_id`, `to_user_id`, `body`, `created_at`) VALUES ('426', '26', '56', 'Perferendis et quisquam vel voluptas temporibus. Occaecati esse et quo tempora molestiae ipsam. Aperiam asperiores sed odit neque nisi.', '1982-12-27 13:38:03');
INSERT INTO `messages` (`id`, `from_user_id`, `to_user_id`, `body`, `created_at`) VALUES ('427', '32', '97', 'Neque unde repellendus nesciunt in qui cumque. Consequatur exercitationem magni quibusdam consequatur perferendis dolore. Et quam qui asperiores sunt hic qui.', '1971-09-12 12:31:50');
INSERT INTO `messages` (`id`, `from_user_id`, `to_user_id`, `body`, `created_at`) VALUES ('428', '80', '81', 'Voluptatibus tempora harum atque odit. Sed dolor provident suscipit explicabo ut. Et cupiditate rerum corporis architecto modi.', '2013-11-03 19:58:21');
INSERT INTO `messages` (`id`, `from_user_id`, `to_user_id`, `body`, `created_at`) VALUES ('429', '25', '52', 'Dolor inventore nulla animi odit sunt nobis. Est dolorem delectus deleniti illo.', '2012-09-27 02:21:09');
INSERT INTO `messages` (`id`, `from_user_id`, `to_user_id`, `body`, `created_at`) VALUES ('430', '39', '74', 'Corporis voluptatem et ut et. Ea aut suscipit et et iure iste enim. Nisi sapiente officiis sit odit.', '2009-12-05 01:52:43');
INSERT INTO `messages` (`id`, `from_user_id`, `to_user_id`, `body`, `created_at`) VALUES ('431', '79', '21', 'Explicabo voluptates vitae cumque tenetur corporis. Laboriosam doloribus est quibusdam quis sed. Iure sed asperiores voluptatem rerum nihil.', '2001-11-27 00:32:17');
INSERT INTO `messages` (`id`, `from_user_id`, `to_user_id`, `body`, `created_at`) VALUES ('432', '39', '94', 'Quia recusandae consequatur consequuntur nostrum eos. Vitae qui iste et modi in.', '2004-12-03 08:25:34');
INSERT INTO `messages` (`id`, `from_user_id`, `to_user_id`, `body`, `created_at`) VALUES ('433', '87', '56', 'Eos sed et fugiat itaque nihil. Laudantium facere omnis nobis veniam et quod. In et commodi fuga illo assumenda.', '1980-05-23 04:04:49');
INSERT INTO `messages` (`id`, `from_user_id`, `to_user_id`, `body`, `created_at`) VALUES ('434', '52', '11', 'Optio minima similique et ipsam praesentium adipisci quia temporibus. Unde doloremque itaque in rem explicabo velit. Exercitationem quod dolore et nobis nihil. Optio sit corporis ullam voluptas aut.', '2005-11-12 17:12:02');
INSERT INTO `messages` (`id`, `from_user_id`, `to_user_id`, `body`, `created_at`) VALUES ('435', '95', '22', 'Qui voluptatem et eos dolores. Qui vero sit excepturi eum officiis. Commodi incidunt ut ut unde eos porro est.', '2009-11-14 15:41:26');
INSERT INTO `messages` (`id`, `from_user_id`, `to_user_id`, `body`, `created_at`) VALUES ('436', '26', '95', 'Earum aut ut velit aliquam. Deserunt qui ducimus omnis qui sunt et. Voluptates commodi nisi libero quasi.', '1981-07-29 18:42:46');
INSERT INTO `messages` (`id`, `from_user_id`, `to_user_id`, `body`, `created_at`) VALUES ('437', '42', '14', 'Et culpa reiciendis quasi ratione. Id et totam dicta laudantium et hic consequuntur consequatur. Voluptas corporis esse velit laudantium aut consectetur nihil.', '2022-07-15 02:23:21');
INSERT INTO `messages` (`id`, `from_user_id`, `to_user_id`, `body`, `created_at`) VALUES ('438', '13', '76', 'Consequatur pariatur mollitia eos quae odio dolorem. Illo consequuntur non perspiciatis doloribus. Aliquid vel consequatur nisi asperiores eveniet. Tempore qui nostrum alias ut mollitia quisquam aliquid. Aut aliquid quam hic.', '1985-10-03 08:53:08');
INSERT INTO `messages` (`id`, `from_user_id`, `to_user_id`, `body`, `created_at`) VALUES ('439', '16', '85', 'Consequatur fugiat aspernatur omnis officia veniam qui officiis. Facilis sint ut id quos. Itaque aliquam nesciunt deleniti quos adipisci quam. Illo voluptas aut ut vel. Aspernatur rerum alias cumque consectetur.', '2007-08-04 08:52:56');
INSERT INTO `messages` (`id`, `from_user_id`, `to_user_id`, `body`, `created_at`) VALUES ('440', '47', '46', 'Nihil et qui quasi voluptate. At quidem voluptas accusamus totam et error. Dolor ut molestiae repellendus accusamus quis.', '1972-11-22 00:01:15');
INSERT INTO `messages` (`id`, `from_user_id`, `to_user_id`, `body`, `created_at`) VALUES ('441', '89', '57', 'Quia soluta aut eos voluptatem optio voluptates est distinctio. Atque est voluptas provident omnis sint ipsa. Nihil ut vel iusto quidem atque dicta. Perspiciatis quia consequuntur ratione debitis et animi minima.', '1989-02-02 13:50:06');
INSERT INTO `messages` (`id`, `from_user_id`, `to_user_id`, `body`, `created_at`) VALUES ('442', '84', '27', 'In atque possimus laborum voluptatem. Ratione quia possimus excepturi reiciendis aspernatur. Explicabo possimus officia quam dolorem ipsa sunt laudantium. Et in ad consequatur iusto laboriosam et.', '1976-02-10 14:18:26');
INSERT INTO `messages` (`id`, `from_user_id`, `to_user_id`, `body`, `created_at`) VALUES ('443', '39', '19', 'Rerum nemo voluptatem tempora est sunt nam. Totam minima doloribus distinctio commodi est voluptas. Qui qui blanditiis voluptates et vitae maiores.', '2022-09-25 06:11:35');
INSERT INTO `messages` (`id`, `from_user_id`, `to_user_id`, `body`, `created_at`) VALUES ('444', '52', '1', 'Placeat natus illum odit. Delectus quia sint eius quia fugiat veniam eaque.', '1993-08-14 06:35:12');
INSERT INTO `messages` (`id`, `from_user_id`, `to_user_id`, `body`, `created_at`) VALUES ('445', '54', '76', 'Rerum quo molestias ipsum vero non. Ut velit a quis consectetur nam cumque debitis. Et blanditiis itaque molestiae est et labore commodi. Dolores cupiditate aut explicabo vel.', '1994-01-06 06:23:24');
INSERT INTO `messages` (`id`, `from_user_id`, `to_user_id`, `body`, `created_at`) VALUES ('446', '26', '33', 'Magni voluptatem aliquam voluptas. Quasi rerum deleniti ipsa inventore cupiditate molestiae quod. Quia corporis quasi hic distinctio officia.', '2007-09-25 17:06:08');
INSERT INTO `messages` (`id`, `from_user_id`, `to_user_id`, `body`, `created_at`) VALUES ('447', '65', '24', 'Quam ullam sit corporis rerum voluptatum. Omnis culpa sint consequatur recusandae unde. Officiis earum est et sapiente qui dolor.', '1978-05-16 10:01:17');
INSERT INTO `messages` (`id`, `from_user_id`, `to_user_id`, `body`, `created_at`) VALUES ('448', '32', '95', 'Et aut ipsa qui qui voluptatum aliquid molestias quaerat. Sint id sit provident labore. Enim numquam voluptatum corrupti et dolorum.', '2020-06-07 16:00:03');
INSERT INTO `messages` (`id`, `from_user_id`, `to_user_id`, `body`, `created_at`) VALUES ('449', '67', '23', 'Est et voluptatem minima dicta illum dolorem et et. Suscipit enim consectetur adipisci atque nobis. Minus aliquam excepturi quia. Magnam accusantium voluptatem repellat aspernatur.', '1998-01-16 12:43:06');
INSERT INTO `messages` (`id`, `from_user_id`, `to_user_id`, `body`, `created_at`) VALUES ('450', '16', '6', 'Fugiat velit saepe culpa sunt consectetur ad officiis. Quis totam veritatis atque quae. Sunt ipsum laudantium laborum incidunt. Modi adipisci rerum velit odit architecto delectus suscipit.', '2010-01-21 23:28:45');
INSERT INTO `messages` (`id`, `from_user_id`, `to_user_id`, `body`, `created_at`) VALUES ('451', '38', '91', 'Amet voluptas voluptas quisquam eos occaecati voluptatem. Voluptates non perferendis recusandae voluptate sit debitis. Nulla veniam nemo earum officia harum.', '1976-11-12 06:04:18');
INSERT INTO `messages` (`id`, `from_user_id`, `to_user_id`, `body`, `created_at`) VALUES ('452', '46', '11', 'Ducimus ut minus quis natus nulla repudiandae. Deleniti ratione necessitatibus ad non qui excepturi id. Magni vero modi in ut.', '1993-01-11 11:33:06');
INSERT INTO `messages` (`id`, `from_user_id`, `to_user_id`, `body`, `created_at`) VALUES ('453', '43', '47', 'Earum non ex sed quam. Dolor sint nulla ea fuga nulla placeat. Libero alias ea atque consequatur.', '2005-07-04 00:02:53');
INSERT INTO `messages` (`id`, `from_user_id`, `to_user_id`, `body`, `created_at`) VALUES ('454', '69', '6', 'Quod officia quasi dolor. Quo repellat quia libero velit. Vitae quia porro nobis placeat fuga exercitationem dolorum dolores.', '1999-02-26 11:51:34');
INSERT INTO `messages` (`id`, `from_user_id`, `to_user_id`, `body`, `created_at`) VALUES ('455', '69', '18', 'Saepe aut corporis saepe tempora atque. Dolores aut qui magnam sed error quae rerum. Dolores provident minima mollitia consequuntur nobis. Commodi earum velit eius magni velit incidunt aspernatur qui.', '1982-06-25 08:16:13');
INSERT INTO `messages` (`id`, `from_user_id`, `to_user_id`, `body`, `created_at`) VALUES ('456', '64', '25', 'Libero sint aut beatae aspernatur ut. Et temporibus iste eum quidem. Soluta ea in earum aut. Rerum veritatis repellendus suscipit saepe.', '2006-12-11 18:23:21');
INSERT INTO `messages` (`id`, `from_user_id`, `to_user_id`, `body`, `created_at`) VALUES ('457', '71', '20', 'Nihil eaque qui neque quam vitae repellat. Neque et voluptates voluptas ut ad libero. At reiciendis qui voluptas rerum quisquam. Ullam soluta quisquam earum.', '2018-11-12 19:16:56');
INSERT INTO `messages` (`id`, `from_user_id`, `to_user_id`, `body`, `created_at`) VALUES ('458', '9', '53', 'Quasi nihil nam quia debitis est excepturi et. Libero explicabo neque voluptates qui sit earum vero.', '1977-11-20 00:04:49');
INSERT INTO `messages` (`id`, `from_user_id`, `to_user_id`, `body`, `created_at`) VALUES ('459', '23', '74', 'Quis eos libero laudantium et. Ut voluptatem quo temporibus sed tenetur pariatur. Quos iste voluptatem sit eveniet dolore recusandae dolor.', '1976-11-18 08:00:30');
INSERT INTO `messages` (`id`, `from_user_id`, `to_user_id`, `body`, `created_at`) VALUES ('460', '35', '18', 'Quae cumque excepturi nihil quod alias reiciendis tempora reprehenderit. Modi eligendi neque quas molestiae nemo beatae aliquam. Sunt molestiae inventore et excepturi. Doloremque facere et neque nisi ea alias.', '1983-10-08 08:41:01');
INSERT INTO `messages` (`id`, `from_user_id`, `to_user_id`, `body`, `created_at`) VALUES ('461', '61', '99', 'Non ab voluptatem quia culpa. Placeat soluta ut et tenetur. Quaerat assumenda repellendus et.', '1973-09-17 13:13:34');
INSERT INTO `messages` (`id`, `from_user_id`, `to_user_id`, `body`, `created_at`) VALUES ('462', '100', '28', 'Porro qui error harum nam. Ex odit deserunt aliquid iure velit. Sit laboriosam ea dicta corrupti dolor molestiae.', '2014-11-17 04:50:00');
INSERT INTO `messages` (`id`, `from_user_id`, `to_user_id`, `body`, `created_at`) VALUES ('463', '33', '76', 'Non est cupiditate aperiam tenetur quod facere voluptatem molestiae. Odit accusamus quibusdam suscipit aut velit et consequatur officia. Qui tempore voluptas voluptas itaque voluptas sint voluptas.', '2001-10-12 02:02:18');
INSERT INTO `messages` (`id`, `from_user_id`, `to_user_id`, `body`, `created_at`) VALUES ('464', '43', '77', 'Non iure aut suscipit necessitatibus laborum. Aut est ut officiis earum ab. Ut cum sed illum molestiae nihil eum.', '1990-03-09 02:14:24');
INSERT INTO `messages` (`id`, `from_user_id`, `to_user_id`, `body`, `created_at`) VALUES ('465', '7', '89', 'Nam velit ut voluptatem qui deserunt quos ipsum. Porro nesciunt ut est qui sit deleniti impedit. Non consequatur perferendis magni explicabo quibusdam quibusdam. Assumenda nisi sed repellendus. Aut quam et deleniti et earum dolores molestias alias.', '2000-02-11 08:49:21');
INSERT INTO `messages` (`id`, `from_user_id`, `to_user_id`, `body`, `created_at`) VALUES ('466', '69', '93', 'Aut consequatur sed in tenetur necessitatibus pariatur voluptas. Non eum debitis quae. Voluptatem odio eos explicabo asperiores at inventore quos.', '2019-02-13 09:16:36');
INSERT INTO `messages` (`id`, `from_user_id`, `to_user_id`, `body`, `created_at`) VALUES ('467', '43', '85', 'Beatae dolores quam quae numquam molestias culpa. Et est alias quae unde et. Officia voluptatem a eveniet odit illo iure. Eum perspiciatis dolorum est omnis qui laboriosam.', '2010-01-12 02:24:11');
INSERT INTO `messages` (`id`, `from_user_id`, `to_user_id`, `body`, `created_at`) VALUES ('468', '56', '40', 'Beatae excepturi non ullam facere ad modi. Natus nostrum illo voluptas recusandae perferendis. Molestiae ad a alias rerum.', '2022-10-14 02:17:11');
INSERT INTO `messages` (`id`, `from_user_id`, `to_user_id`, `body`, `created_at`) VALUES ('469', '33', '91', 'In nulla et ducimus doloribus beatae nostrum aut. Nulla officia neque ullam porro qui nihil. Veniam aut in molestiae voluptatem nihil architecto cumque.', '1981-03-08 21:08:24');
INSERT INTO `messages` (`id`, `from_user_id`, `to_user_id`, `body`, `created_at`) VALUES ('470', '13', '80', 'Dolor ut aut nostrum. Sequi eos cum est qui consequatur a rerum esse. Sed cumque quidem ut non sunt quae placeat.', '1998-07-21 21:51:12');
INSERT INTO `messages` (`id`, `from_user_id`, `to_user_id`, `body`, `created_at`) VALUES ('471', '68', '93', 'Porro eos eaque ea praesentium ea temporibus quo. Et sequi delectus doloremque sed assumenda rerum eum est. Iure voluptas alias repellendus saepe ad.', '1994-08-04 09:23:56');
INSERT INTO `messages` (`id`, `from_user_id`, `to_user_id`, `body`, `created_at`) VALUES ('472', '90', '52', 'Deleniti cum ipsum vel. Molestias autem illo laborum vel aperiam sit et. Incidunt inventore dolore illo a et quasi eius.', '2007-09-20 03:57:23');
INSERT INTO `messages` (`id`, `from_user_id`, `to_user_id`, `body`, `created_at`) VALUES ('473', '63', '15', 'Quas iste similique sit quasi enim voluptates voluptas voluptas. Laborum sit quae magni et tempora explicabo. Tenetur voluptatem est quaerat ad. Consequuntur corporis tempore ea.', '2022-11-29 06:33:46');
INSERT INTO `messages` (`id`, `from_user_id`, `to_user_id`, `body`, `created_at`) VALUES ('474', '58', '79', 'Ea minima consequatur id ut excepturi officiis. Eos porro delectus commodi atque. Enim ut eum voluptatem iusto. Quos quae minus unde enim. Eos illum occaecati nisi.', '1981-11-19 05:27:00');
INSERT INTO `messages` (`id`, `from_user_id`, `to_user_id`, `body`, `created_at`) VALUES ('475', '12', '7', 'Harum enim sequi enim et distinctio ea. In quis accusamus labore aut eaque porro. Ullam tempora beatae ex harum deserunt delectus animi. Possimus dolorem magnam perspiciatis et. Voluptatem id eum quia nostrum voluptatem.', '2010-06-29 02:46:37');
INSERT INTO `messages` (`id`, `from_user_id`, `to_user_id`, `body`, `created_at`) VALUES ('476', '38', '62', 'Ut voluptatibus hic ut accusamus illo eum quis. Culpa cupiditate laborum doloremque totam illum excepturi ratione. Et aut aut ducimus eligendi nulla.', '1978-06-10 13:40:37');
INSERT INTO `messages` (`id`, `from_user_id`, `to_user_id`, `body`, `created_at`) VALUES ('477', '65', '99', 'Rerum odio aut est deleniti placeat aliquam voluptatibus. Eius vel eum aut quo eos eius. Qui voluptatem assumenda laboriosam doloribus illum deserunt. Nulla et atque in distinctio est.', '2005-01-23 11:13:58');
INSERT INTO `messages` (`id`, `from_user_id`, `to_user_id`, `body`, `created_at`) VALUES ('478', '63', '58', 'Id molestiae repudiandae quibusdam culpa. Eaque iusto non ut. Eligendi cumque sed doloremque voluptatibus.', '1991-05-29 23:13:07');
INSERT INTO `messages` (`id`, `from_user_id`, `to_user_id`, `body`, `created_at`) VALUES ('479', '49', '100', 'Labore similique illum fugit cupiditate quisquam. Qui et ipsa voluptatem aut dolores consequatur iusto veritatis. Dolorem et sed quod omnis officiis sunt qui.', '2005-11-06 04:59:53');
INSERT INTO `messages` (`id`, `from_user_id`, `to_user_id`, `body`, `created_at`) VALUES ('480', '46', '82', 'Eos error deserunt aliquid eaque natus et sit. Eaque iusto debitis in libero omnis et dolor laudantium. Odit atque quas culpa explicabo. Et atque sit adipisci accusantium odio placeat numquam.', '2018-01-10 09:22:33');
INSERT INTO `messages` (`id`, `from_user_id`, `to_user_id`, `body`, `created_at`) VALUES ('481', '99', '99', 'Nam nobis et assumenda voluptate voluptatem est. Est ut quos voluptatem dolor. Cum reprehenderit culpa qui. Accusamus voluptates ut sed voluptatem et occaecati.', '1998-08-03 18:51:41');
INSERT INTO `messages` (`id`, `from_user_id`, `to_user_id`, `body`, `created_at`) VALUES ('482', '89', '82', 'Assumenda voluptas velit vero fugiat. Excepturi et eaque dolores cumque aliquid et. Atque culpa in ipsa incidunt. Eius quia vero corporis eum fugit dolor.', '1988-08-16 04:48:50');
INSERT INTO `messages` (`id`, `from_user_id`, `to_user_id`, `body`, `created_at`) VALUES ('483', '83', '21', 'Ipsa et maiores quas occaecati voluptate non qui repellendus. Quibusdam voluptatem pariatur quis commodi. Qui et adipisci omnis iusto aperiam.', '1980-12-27 08:19:44');
INSERT INTO `messages` (`id`, `from_user_id`, `to_user_id`, `body`, `created_at`) VALUES ('484', '98', '19', 'Quaerat consequatur itaque nesciunt iure asperiores in omnis. Molestiae eius laborum officiis aut expedita placeat. Dignissimos et odio aut. Voluptatum est a amet nostrum quas.', '1975-03-03 04:00:03');
INSERT INTO `messages` (`id`, `from_user_id`, `to_user_id`, `body`, `created_at`) VALUES ('485', '42', '43', 'Ut aut est eaque nam et et. Eveniet reiciendis laborum magni.', '1982-01-17 21:48:58');
INSERT INTO `messages` (`id`, `from_user_id`, `to_user_id`, `body`, `created_at`) VALUES ('486', '12', '14', 'Ut ad quae tempora enim voluptates. Nam velit voluptates deserunt provident iste saepe. Sit dignissimos mollitia consequuntur et sint quos. Repudiandae omnis quod pariatur ducimus ut sequi. Provident ut libero veniam voluptatem et voluptates et molestias.', '1986-05-16 22:36:36');
INSERT INTO `messages` (`id`, `from_user_id`, `to_user_id`, `body`, `created_at`) VALUES ('487', '31', '34', 'Quia voluptatum rem inventore magni debitis. Consequuntur voluptatum consequuntur delectus recusandae dicta. Voluptatum et qui delectus sit. Id nihil voluptatem iure voluptatum.', '2018-11-05 08:52:56');
INSERT INTO `messages` (`id`, `from_user_id`, `to_user_id`, `body`, `created_at`) VALUES ('488', '6', '31', 'Qui eum molestiae impedit non ut. Ad hic dolor odio earum dolores. Ipsam ipsa qui illo et.', '1970-08-19 08:24:11');
INSERT INTO `messages` (`id`, `from_user_id`, `to_user_id`, `body`, `created_at`) VALUES ('489', '73', '77', 'Est occaecati accusamus consectetur labore sit. Adipisci magnam doloremque harum reprehenderit impedit rerum minima veniam. Repellendus aut odit nam tenetur assumenda nihil. Molestiae consequatur ut quibusdam quam ut voluptas velit. Est amet ratione maiores qui qui dignissimos harum.', '2012-01-21 01:12:37');
INSERT INTO `messages` (`id`, `from_user_id`, `to_user_id`, `body`, `created_at`) VALUES ('490', '47', '55', 'Modi molestiae reiciendis similique dolores. Sit quo rem eveniet inventore dicta sapiente. Harum magnam cumque hic quo adipisci qui. Laborum ipsum et error temporibus provident quam consequatur. Repudiandae et sint ut nesciunt.', '1978-05-06 15:31:52');
INSERT INTO `messages` (`id`, `from_user_id`, `to_user_id`, `body`, `created_at`) VALUES ('491', '65', '41', 'Laboriosam quia qui molestias praesentium praesentium ab. Et et quam odio placeat nemo voluptates quasi ut. Harum dolorem ut aperiam iste.', '1982-08-09 19:28:51');
INSERT INTO `messages` (`id`, `from_user_id`, `to_user_id`, `body`, `created_at`) VALUES ('492', '31', '79', 'Fugit nulla voluptatem impedit repellendus ab necessitatibus. Voluptatem consectetur aliquid numquam nostrum eum repellendus. Eaque omnis est nulla praesentium facere.', '2007-07-10 08:41:07');
INSERT INTO `messages` (`id`, `from_user_id`, `to_user_id`, `body`, `created_at`) VALUES ('493', '56', '37', 'Est a sed unde est excepturi in est. Quia ex quis expedita corporis ut adipisci non. Sapiente quisquam qui et fuga ratione dolor eius. Laborum vitae facere officiis dignissimos velit officia.', '1980-04-01 05:20:46');
INSERT INTO `messages` (`id`, `from_user_id`, `to_user_id`, `body`, `created_at`) VALUES ('494', '12', '76', 'Voluptates tempore amet exercitationem porro. Perferendis mollitia quia voluptas aspernatur et ut ratione. Quis ut et aspernatur consequatur dolores ab.', '1974-05-09 07:19:33');
INSERT INTO `messages` (`id`, `from_user_id`, `to_user_id`, `body`, `created_at`) VALUES ('495', '20', '75', 'Et ea animi omnis ipsa. Occaecati necessitatibus sint dolorem inventore laboriosam. Est velit inventore occaecati consequatur cupiditate.', '1983-10-26 03:04:03');
INSERT INTO `messages` (`id`, `from_user_id`, `to_user_id`, `body`, `created_at`) VALUES ('496', '8', '44', 'Ipsa quia cumque sed quas qui quas consequatur. Velit qui at placeat error rem. Quia aut sint ipsum occaecati. Ut non ea mollitia eveniet.', '2002-03-08 13:30:58');
INSERT INTO `messages` (`id`, `from_user_id`, `to_user_id`, `body`, `created_at`) VALUES ('497', '100', '61', 'Corrupti harum architecto eius quisquam. Ab eligendi accusantium doloremque cupiditate molestias. Doloribus numquam sed ipsam ab. Molestiae esse modi minus odio quis et.', '2008-02-28 14:40:51');
INSERT INTO `messages` (`id`, `from_user_id`, `to_user_id`, `body`, `created_at`) VALUES ('498', '99', '8', 'A et perferendis consequuntur nostrum officia est vel. Ipsa rem quia optio molestias eum. Quidem quibusdam id velit odio autem.', '2005-01-12 02:08:10');
INSERT INTO `messages` (`id`, `from_user_id`, `to_user_id`, `body`, `created_at`) VALUES ('499', '71', '46', 'Architecto voluptatem et est et animi dolorem. Et dolores soluta laudantium quibusdam et.', '2001-01-25 21:40:43');
INSERT INTO `messages` (`id`, `from_user_id`, `to_user_id`, `body`, `created_at`) VALUES ('500', '89', '46', 'Sed velit veritatis nisi tenetur a dolorem. Placeat qui sapiente iure perferendis quia et. Laboriosam reprehenderit perspiciatis animi occaecati molestiae voluptate id. Eum repellendus deleniti in saepe reiciendis aperiam.', '1975-12-21 23:06:09');


#
# TABLE STRUCTURE FOR: photo_albums
#

DROP TABLE IF EXISTS `photo_albums`;

CREATE TABLE `photo_albums` (
  `id` bigint(20) unsigned NOT NULL AUTO_INCREMENT,
  `name` varchar(255) COLLATE utf8mb4_unicode_ci DEFAULT NULL,
  `user_id` bigint(20) unsigned DEFAULT NULL,
  PRIMARY KEY (`id`),
  UNIQUE KEY `id` (`id`),
  KEY `user_id` (`user_id`),
  CONSTRAINT `photo_albums_ibfk_1` FOREIGN KEY (`user_id`) REFERENCES `users` (`id`) ON DELETE SET NULL ON UPDATE CASCADE
) ENGINE=InnoDB AUTO_INCREMENT=101 DEFAULT CHARSET=utf8mb4 COLLATE=utf8mb4_unicode_ci;

INSERT INTO `photo_albums` (`id`, `name`, `user_id`) VALUES ('1', 'pariatur', '28');
INSERT INTO `photo_albums` (`id`, `name`, `user_id`) VALUES ('2', 'ducimus', '63');
INSERT INTO `photo_albums` (`id`, `name`, `user_id`) VALUES ('3', 'eaque', '43');
INSERT INTO `photo_albums` (`id`, `name`, `user_id`) VALUES ('4', 'eum', '10');
INSERT INTO `photo_albums` (`id`, `name`, `user_id`) VALUES ('5', 'amet', '12');
INSERT INTO `photo_albums` (`id`, `name`, `user_id`) VALUES ('6', 'ea', '78');
INSERT INTO `photo_albums` (`id`, `name`, `user_id`) VALUES ('7', 'et', '48');
INSERT INTO `photo_albums` (`id`, `name`, `user_id`) VALUES ('8', 'incidunt', '6');
INSERT INTO `photo_albums` (`id`, `name`, `user_id`) VALUES ('9', 'vel', '35');
INSERT INTO `photo_albums` (`id`, `name`, `user_id`) VALUES ('10', 'nostrum', '69');
INSERT INTO `photo_albums` (`id`, `name`, `user_id`) VALUES ('11', 'facere', '39');
INSERT INTO `photo_albums` (`id`, `name`, `user_id`) VALUES ('12', 'in', '4');
INSERT INTO `photo_albums` (`id`, `name`, `user_id`) VALUES ('13', 'voluptate', '34');
INSERT INTO `photo_albums` (`id`, `name`, `user_id`) VALUES ('14', 'ratione', '59');
INSERT INTO `photo_albums` (`id`, `name`, `user_id`) VALUES ('15', 'id', '7');
INSERT INTO `photo_albums` (`id`, `name`, `user_id`) VALUES ('16', 'ea', '24');
INSERT INTO `photo_albums` (`id`, `name`, `user_id`) VALUES ('17', 'qui', '36');
INSERT INTO `photo_albums` (`id`, `name`, `user_id`) VALUES ('18', 'dolores', '37');
INSERT INTO `photo_albums` (`id`, `name`, `user_id`) VALUES ('19', 'consequatur', '87');
INSERT INTO `photo_albums` (`id`, `name`, `user_id`) VALUES ('20', 'rerum', '68');
INSERT INTO `photo_albums` (`id`, `name`, `user_id`) VALUES ('21', 'voluptas', '68');
INSERT INTO `photo_albums` (`id`, `name`, `user_id`) VALUES ('22', 'voluptatem', '11');
INSERT INTO `photo_albums` (`id`, `name`, `user_id`) VALUES ('23', 'quis', '53');
INSERT INTO `photo_albums` (`id`, `name`, `user_id`) VALUES ('24', 'omnis', '8');
INSERT INTO `photo_albums` (`id`, `name`, `user_id`) VALUES ('25', 'assumenda', '69');
INSERT INTO `photo_albums` (`id`, `name`, `user_id`) VALUES ('26', 'sapiente', '72');
INSERT INTO `photo_albums` (`id`, `name`, `user_id`) VALUES ('27', 'quis', '5');
INSERT INTO `photo_albums` (`id`, `name`, `user_id`) VALUES ('28', 'praesentium', '73');
INSERT INTO `photo_albums` (`id`, `name`, `user_id`) VALUES ('29', 'et', '53');
INSERT INTO `photo_albums` (`id`, `name`, `user_id`) VALUES ('30', 'atque', '55');
INSERT INTO `photo_albums` (`id`, `name`, `user_id`) VALUES ('31', 'quasi', '76');
INSERT INTO `photo_albums` (`id`, `name`, `user_id`) VALUES ('32', 'voluptate', '54');
INSERT INTO `photo_albums` (`id`, `name`, `user_id`) VALUES ('33', 'sapiente', '60');
INSERT INTO `photo_albums` (`id`, `name`, `user_id`) VALUES ('34', 'velit', '45');
INSERT INTO `photo_albums` (`id`, `name`, `user_id`) VALUES ('35', 'eum', '100');
INSERT INTO `photo_albums` (`id`, `name`, `user_id`) VALUES ('36', 'ut', '32');
INSERT INTO `photo_albums` (`id`, `name`, `user_id`) VALUES ('37', 'a', '57');
INSERT INTO `photo_albums` (`id`, `name`, `user_id`) VALUES ('38', 'vitae', '13');
INSERT INTO `photo_albums` (`id`, `name`, `user_id`) VALUES ('39', 'voluptatum', '31');
INSERT INTO `photo_albums` (`id`, `name`, `user_id`) VALUES ('40', 'aut', '77');
INSERT INTO `photo_albums` (`id`, `name`, `user_id`) VALUES ('41', 'quia', '13');
INSERT INTO `photo_albums` (`id`, `name`, `user_id`) VALUES ('42', 'omnis', '5');
INSERT INTO `photo_albums` (`id`, `name`, `user_id`) VALUES ('43', 'aut', '30');
INSERT INTO `photo_albums` (`id`, `name`, `user_id`) VALUES ('44', 'non', '21');
INSERT INTO `photo_albums` (`id`, `name`, `user_id`) VALUES ('45', 'optio', '59');
INSERT INTO `photo_albums` (`id`, `name`, `user_id`) VALUES ('46', 'qui', '89');
INSERT INTO `photo_albums` (`id`, `name`, `user_id`) VALUES ('47', 'voluptas', '68');
INSERT INTO `photo_albums` (`id`, `name`, `user_id`) VALUES ('48', 'consequatur', '87');
INSERT INTO `photo_albums` (`id`, `name`, `user_id`) VALUES ('49', 'possimus', '32');
INSERT INTO `photo_albums` (`id`, `name`, `user_id`) VALUES ('50', 'voluptas', '17');
INSERT INTO `photo_albums` (`id`, `name`, `user_id`) VALUES ('51', 'veritatis', '90');
INSERT INTO `photo_albums` (`id`, `name`, `user_id`) VALUES ('52', 'perferendis', '5');
INSERT INTO `photo_albums` (`id`, `name`, `user_id`) VALUES ('53', 'eius', '69');
INSERT INTO `photo_albums` (`id`, `name`, `user_id`) VALUES ('54', 'tenetur', '55');
INSERT INTO `photo_albums` (`id`, `name`, `user_id`) VALUES ('55', 'aut', '86');
INSERT INTO `photo_albums` (`id`, `name`, `user_id`) VALUES ('56', 'itaque', '42');
INSERT INTO `photo_albums` (`id`, `name`, `user_id`) VALUES ('57', 'voluptate', '93');
INSERT INTO `photo_albums` (`id`, `name`, `user_id`) VALUES ('58', 'odio', '9');
INSERT INTO `photo_albums` (`id`, `name`, `user_id`) VALUES ('59', 'a', '90');
INSERT INTO `photo_albums` (`id`, `name`, `user_id`) VALUES ('60', 'doloremque', '25');
INSERT INTO `photo_albums` (`id`, `name`, `user_id`) VALUES ('61', 'praesentium', '67');
INSERT INTO `photo_albums` (`id`, `name`, `user_id`) VALUES ('62', 'facere', '18');
INSERT INTO `photo_albums` (`id`, `name`, `user_id`) VALUES ('63', 'non', '89');
INSERT INTO `photo_albums` (`id`, `name`, `user_id`) VALUES ('64', 'impedit', '72');
INSERT INTO `photo_albums` (`id`, `name`, `user_id`) VALUES ('65', 'enim', '91');
INSERT INTO `photo_albums` (`id`, `name`, `user_id`) VALUES ('66', 'et', '50');
INSERT INTO `photo_albums` (`id`, `name`, `user_id`) VALUES ('67', 'est', '45');
INSERT INTO `photo_albums` (`id`, `name`, `user_id`) VALUES ('68', 'nisi', '14');
INSERT INTO `photo_albums` (`id`, `name`, `user_id`) VALUES ('69', 'commodi', '8');
INSERT INTO `photo_albums` (`id`, `name`, `user_id`) VALUES ('70', 'hic', '90');
INSERT INTO `photo_albums` (`id`, `name`, `user_id`) VALUES ('71', 'sed', '64');
INSERT INTO `photo_albums` (`id`, `name`, `user_id`) VALUES ('72', 'iure', '53');
INSERT INTO `photo_albums` (`id`, `name`, `user_id`) VALUES ('73', 'consequatur', '47');
INSERT INTO `photo_albums` (`id`, `name`, `user_id`) VALUES ('74', 'incidunt', '51');
INSERT INTO `photo_albums` (`id`, `name`, `user_id`) VALUES ('75', 'consequatur', '89');
INSERT INTO `photo_albums` (`id`, `name`, `user_id`) VALUES ('76', 'deleniti', '59');
INSERT INTO `photo_albums` (`id`, `name`, `user_id`) VALUES ('77', 'voluptas', '18');
INSERT INTO `photo_albums` (`id`, `name`, `user_id`) VALUES ('78', 'excepturi', '60');
INSERT INTO `photo_albums` (`id`, `name`, `user_id`) VALUES ('79', 'unde', '85');
INSERT INTO `photo_albums` (`id`, `name`, `user_id`) VALUES ('80', 'aliquid', '23');
INSERT INTO `photo_albums` (`id`, `name`, `user_id`) VALUES ('81', 'libero', '61');
INSERT INTO `photo_albums` (`id`, `name`, `user_id`) VALUES ('82', 'sequi', '78');
INSERT INTO `photo_albums` (`id`, `name`, `user_id`) VALUES ('83', 'alias', '70');
INSERT INTO `photo_albums` (`id`, `name`, `user_id`) VALUES ('84', 'ut', '74');
INSERT INTO `photo_albums` (`id`, `name`, `user_id`) VALUES ('85', 'quis', '15');
INSERT INTO `photo_albums` (`id`, `name`, `user_id`) VALUES ('86', 'illum', '16');
INSERT INTO `photo_albums` (`id`, `name`, `user_id`) VALUES ('87', 'omnis', '48');
INSERT INTO `photo_albums` (`id`, `name`, `user_id`) VALUES ('88', 'ullam', '26');
INSERT INTO `photo_albums` (`id`, `name`, `user_id`) VALUES ('89', 'ut', '18');
INSERT INTO `photo_albums` (`id`, `name`, `user_id`) VALUES ('90', 'modi', '94');
INSERT INTO `photo_albums` (`id`, `name`, `user_id`) VALUES ('91', 'magni', '38');
INSERT INTO `photo_albums` (`id`, `name`, `user_id`) VALUES ('92', 'voluptas', '96');
INSERT INTO `photo_albums` (`id`, `name`, `user_id`) VALUES ('93', 'quam', '28');
INSERT INTO `photo_albums` (`id`, `name`, `user_id`) VALUES ('94', 'eius', '80');
INSERT INTO `photo_albums` (`id`, `name`, `user_id`) VALUES ('95', 'omnis', '19');
INSERT INTO `photo_albums` (`id`, `name`, `user_id`) VALUES ('96', 'eos', '74');
INSERT INTO `photo_albums` (`id`, `name`, `user_id`) VALUES ('97', 'et', '18');
INSERT INTO `photo_albums` (`id`, `name`, `user_id`) VALUES ('98', 'quis', '16');
INSERT INTO `photo_albums` (`id`, `name`, `user_id`) VALUES ('99', 'et', '90');
INSERT INTO `photo_albums` (`id`, `name`, `user_id`) VALUES ('100', 'labore', '7');


#
# TABLE STRUCTURE FOR: photos
#

DROP TABLE IF EXISTS `photos`;

CREATE TABLE `photos` (
  `id` bigint(20) unsigned NOT NULL AUTO_INCREMENT,
  `album_id` bigint(20) unsigned NOT NULL,
  `media_id` bigint(20) unsigned NOT NULL,
  PRIMARY KEY (`id`),
  KEY `album_id` (`album_id`),
  KEY `media_id` (`media_id`),
  CONSTRAINT `photos_ibfk_1` FOREIGN KEY (`album_id`) REFERENCES `photo_albums` (`id`) ON DELETE CASCADE ON UPDATE CASCADE,
  CONSTRAINT `photos_ibfk_2` FOREIGN KEY (`media_id`) REFERENCES `media` (`id`) ON DELETE CASCADE ON UPDATE CASCADE
) ENGINE=InnoDB AUTO_INCREMENT=101 DEFAULT CHARSET=utf8mb4 COLLATE=utf8mb4_unicode_ci;

INSERT INTO `photos` (`id`, `album_id`, `media_id`) VALUES ('1', '66', '1');
INSERT INTO `photos` (`id`, `album_id`, `media_id`) VALUES ('2', '29', '2');
INSERT INTO `photos` (`id`, `album_id`, `media_id`) VALUES ('3', '73', '3');
INSERT INTO `photos` (`id`, `album_id`, `media_id`) VALUES ('4', '82', '4');
INSERT INTO `photos` (`id`, `album_id`, `media_id`) VALUES ('5', '19', '5');
INSERT INTO `photos` (`id`, `album_id`, `media_id`) VALUES ('6', '26', '6');
INSERT INTO `photos` (`id`, `album_id`, `media_id`) VALUES ('7', '76', '7');
INSERT INTO `photos` (`id`, `album_id`, `media_id`) VALUES ('8', '28', '8');
INSERT INTO `photos` (`id`, `album_id`, `media_id`) VALUES ('9', '57', '9');
INSERT INTO `photos` (`id`, `album_id`, `media_id`) VALUES ('10', '22', '10');
INSERT INTO `photos` (`id`, `album_id`, `media_id`) VALUES ('11', '15', '11');
INSERT INTO `photos` (`id`, `album_id`, `media_id`) VALUES ('12', '98', '12');
INSERT INTO `photos` (`id`, `album_id`, `media_id`) VALUES ('13', '93', '13');
INSERT INTO `photos` (`id`, `album_id`, `media_id`) VALUES ('14', '57', '14');
INSERT INTO `photos` (`id`, `album_id`, `media_id`) VALUES ('15', '89', '15');
INSERT INTO `photos` (`id`, `album_id`, `media_id`) VALUES ('16', '96', '16');
INSERT INTO `photos` (`id`, `album_id`, `media_id`) VALUES ('17', '34', '17');
INSERT INTO `photos` (`id`, `album_id`, `media_id`) VALUES ('18', '86', '18');
INSERT INTO `photos` (`id`, `album_id`, `media_id`) VALUES ('19', '22', '19');
INSERT INTO `photos` (`id`, `album_id`, `media_id`) VALUES ('20', '69', '20');
INSERT INTO `photos` (`id`, `album_id`, `media_id`) VALUES ('21', '26', '21');
INSERT INTO `photos` (`id`, `album_id`, `media_id`) VALUES ('22', '12', '22');
INSERT INTO `photos` (`id`, `album_id`, `media_id`) VALUES ('23', '100', '23');
INSERT INTO `photos` (`id`, `album_id`, `media_id`) VALUES ('24', '20', '24');
INSERT INTO `photos` (`id`, `album_id`, `media_id`) VALUES ('25', '46', '25');
INSERT INTO `photos` (`id`, `album_id`, `media_id`) VALUES ('26', '52', '26');
INSERT INTO `photos` (`id`, `album_id`, `media_id`) VALUES ('27', '25', '27');
INSERT INTO `photos` (`id`, `album_id`, `media_id`) VALUES ('28', '64', '28');
INSERT INTO `photos` (`id`, `album_id`, `media_id`) VALUES ('29', '27', '29');
INSERT INTO `photos` (`id`, `album_id`, `media_id`) VALUES ('30', '65', '30');
INSERT INTO `photos` (`id`, `album_id`, `media_id`) VALUES ('31', '85', '31');
INSERT INTO `photos` (`id`, `album_id`, `media_id`) VALUES ('32', '42', '32');
INSERT INTO `photos` (`id`, `album_id`, `media_id`) VALUES ('33', '56', '33');
INSERT INTO `photos` (`id`, `album_id`, `media_id`) VALUES ('34', '55', '34');
INSERT INTO `photos` (`id`, `album_id`, `media_id`) VALUES ('35', '37', '35');
INSERT INTO `photos` (`id`, `album_id`, `media_id`) VALUES ('36', '76', '36');
INSERT INTO `photos` (`id`, `album_id`, `media_id`) VALUES ('37', '64', '37');
INSERT INTO `photos` (`id`, `album_id`, `media_id`) VALUES ('38', '15', '38');
INSERT INTO `photos` (`id`, `album_id`, `media_id`) VALUES ('39', '68', '39');
INSERT INTO `photos` (`id`, `album_id`, `media_id`) VALUES ('40', '58', '40');
INSERT INTO `photos` (`id`, `album_id`, `media_id`) VALUES ('41', '78', '41');
INSERT INTO `photos` (`id`, `album_id`, `media_id`) VALUES ('42', '7', '42');
INSERT INTO `photos` (`id`, `album_id`, `media_id`) VALUES ('43', '91', '43');
INSERT INTO `photos` (`id`, `album_id`, `media_id`) VALUES ('44', '92', '44');
INSERT INTO `photos` (`id`, `album_id`, `media_id`) VALUES ('45', '20', '45');
INSERT INTO `photos` (`id`, `album_id`, `media_id`) VALUES ('46', '52', '46');
INSERT INTO `photos` (`id`, `album_id`, `media_id`) VALUES ('47', '55', '47');
INSERT INTO `photos` (`id`, `album_id`, `media_id`) VALUES ('48', '13', '48');
INSERT INTO `photos` (`id`, `album_id`, `media_id`) VALUES ('49', '13', '49');
INSERT INTO `photos` (`id`, `album_id`, `media_id`) VALUES ('50', '6', '50');
INSERT INTO `photos` (`id`, `album_id`, `media_id`) VALUES ('51', '84', '51');
INSERT INTO `photos` (`id`, `album_id`, `media_id`) VALUES ('52', '92', '52');
INSERT INTO `photos` (`id`, `album_id`, `media_id`) VALUES ('53', '23', '53');
INSERT INTO `photos` (`id`, `album_id`, `media_id`) VALUES ('54', '57', '54');
INSERT INTO `photos` (`id`, `album_id`, `media_id`) VALUES ('55', '9', '55');
INSERT INTO `photos` (`id`, `album_id`, `media_id`) VALUES ('56', '61', '56');
INSERT INTO `photos` (`id`, `album_id`, `media_id`) VALUES ('57', '65', '57');
INSERT INTO `photos` (`id`, `album_id`, `media_id`) VALUES ('58', '96', '58');
INSERT INTO `photos` (`id`, `album_id`, `media_id`) VALUES ('59', '55', '59');
INSERT INTO `photos` (`id`, `album_id`, `media_id`) VALUES ('60', '50', '60');
INSERT INTO `photos` (`id`, `album_id`, `media_id`) VALUES ('61', '29', '61');
INSERT INTO `photos` (`id`, `album_id`, `media_id`) VALUES ('62', '12', '62');
INSERT INTO `photos` (`id`, `album_id`, `media_id`) VALUES ('63', '68', '63');
INSERT INTO `photos` (`id`, `album_id`, `media_id`) VALUES ('64', '16', '64');
INSERT INTO `photos` (`id`, `album_id`, `media_id`) VALUES ('65', '1', '65');
INSERT INTO `photos` (`id`, `album_id`, `media_id`) VALUES ('66', '73', '66');
INSERT INTO `photos` (`id`, `album_id`, `media_id`) VALUES ('67', '67', '67');
INSERT INTO `photos` (`id`, `album_id`, `media_id`) VALUES ('68', '66', '68');
INSERT INTO `photos` (`id`, `album_id`, `media_id`) VALUES ('69', '71', '69');
INSERT INTO `photos` (`id`, `album_id`, `media_id`) VALUES ('70', '21', '70');
INSERT INTO `photos` (`id`, `album_id`, `media_id`) VALUES ('71', '59', '71');
INSERT INTO `photos` (`id`, `album_id`, `media_id`) VALUES ('72', '44', '72');
INSERT INTO `photos` (`id`, `album_id`, `media_id`) VALUES ('73', '23', '73');
INSERT INTO `photos` (`id`, `album_id`, `media_id`) VALUES ('74', '40', '74');
INSERT INTO `photos` (`id`, `album_id`, `media_id`) VALUES ('75', '64', '75');
INSERT INTO `photos` (`id`, `album_id`, `media_id`) VALUES ('76', '39', '76');
INSERT INTO `photos` (`id`, `album_id`, `media_id`) VALUES ('77', '2', '77');
INSERT INTO `photos` (`id`, `album_id`, `media_id`) VALUES ('78', '43', '78');
INSERT INTO `photos` (`id`, `album_id`, `media_id`) VALUES ('79', '67', '79');
INSERT INTO `photos` (`id`, `album_id`, `media_id`) VALUES ('80', '85', '80');
INSERT INTO `photos` (`id`, `album_id`, `media_id`) VALUES ('81', '67', '81');
INSERT INTO `photos` (`id`, `album_id`, `media_id`) VALUES ('82', '12', '82');
INSERT INTO `photos` (`id`, `album_id`, `media_id`) VALUES ('83', '70', '83');
INSERT INTO `photos` (`id`, `album_id`, `media_id`) VALUES ('84', '100', '84');
INSERT INTO `photos` (`id`, `album_id`, `media_id`) VALUES ('85', '100', '85');
INSERT INTO `photos` (`id`, `album_id`, `media_id`) VALUES ('86', '33', '86');
INSERT INTO `photos` (`id`, `album_id`, `media_id`) VALUES ('87', '5', '87');
INSERT INTO `photos` (`id`, `album_id`, `media_id`) VALUES ('88', '11', '88');
INSERT INTO `photos` (`id`, `album_id`, `media_id`) VALUES ('89', '17', '89');
INSERT INTO `photos` (`id`, `album_id`, `media_id`) VALUES ('90', '39', '90');
INSERT INTO `photos` (`id`, `album_id`, `media_id`) VALUES ('91', '43', '91');
INSERT INTO `photos` (`id`, `album_id`, `media_id`) VALUES ('92', '32', '92');
INSERT INTO `photos` (`id`, `album_id`, `media_id`) VALUES ('93', '39', '93');
INSERT INTO `photos` (`id`, `album_id`, `media_id`) VALUES ('94', '59', '94');
INSERT INTO `photos` (`id`, `album_id`, `media_id`) VALUES ('95', '6', '95');
INSERT INTO `photos` (`id`, `album_id`, `media_id`) VALUES ('96', '54', '96');
INSERT INTO `photos` (`id`, `album_id`, `media_id`) VALUES ('97', '50', '97');
INSERT INTO `photos` (`id`, `album_id`, `media_id`) VALUES ('98', '31', '98');
INSERT INTO `photos` (`id`, `album_id`, `media_id`) VALUES ('99', '23', '99');
INSERT INTO `photos` (`id`, `album_id`, `media_id`) VALUES ('100', '87', '100');


#
# TABLE STRUCTURE FOR: profiles
#

DROP TABLE IF EXISTS `profiles`;

CREATE TABLE `profiles` (
  `user_id` bigint(20) unsigned NOT NULL AUTO_INCREMENT,
  `gender` char(1) COLLATE utf8mb4_unicode_ci DEFAULT NULL,
  `birthday` date DEFAULT NULL,
  `photo_id` bigint(20) unsigned DEFAULT NULL,
  `created_at` datetime DEFAULT current_timestamp(),
  `hometown` varchar(100) COLLATE utf8mb4_unicode_ci DEFAULT NULL,
  PRIMARY KEY (`user_id`),
  KEY `fk_photo_id` (`photo_id`),
  CONSTRAINT `fk_photo_id` FOREIGN KEY (`photo_id`) REFERENCES `photos` (`id`) ON DELETE SET NULL ON UPDATE CASCADE,
  CONSTRAINT `fk_user_id` FOREIGN KEY (`user_id`) REFERENCES `users` (`id`) ON DELETE CASCADE ON UPDATE CASCADE
) ENGINE=InnoDB AUTO_INCREMENT=101 DEFAULT CHARSET=utf8mb4 COLLATE=utf8mb4_unicode_ci;

INSERT INTO `profiles` (`user_id`, `gender`, `birthday`, `photo_id`, `created_at`, `hometown`) VALUES ('1', 'f', '1979-12-07', '68', '1997-02-25 07:33:54', NULL);
INSERT INTO `profiles` (`user_id`, `gender`, `birthday`, `photo_id`, `created_at`, `hometown`) VALUES ('2', 'f', '1984-06-01', '6', '1999-03-26 17:00:49', NULL);
INSERT INTO `profiles` (`user_id`, `gender`, `birthday`, `photo_id`, `created_at`, `hometown`) VALUES ('3', 'f', '2022-02-26', '100', '1999-04-07 16:20:49', NULL);
INSERT INTO `profiles` (`user_id`, `gender`, `birthday`, `photo_id`, `created_at`, `hometown`) VALUES ('4', 'm', '1985-02-25', '39', '1999-01-14 15:58:26', NULL);
INSERT INTO `profiles` (`user_id`, `gender`, `birthday`, `photo_id`, `created_at`, `hometown`) VALUES ('5', 'm', '2001-11-06', '31', '2005-03-13 22:28:41', NULL);
INSERT INTO `profiles` (`user_id`, `gender`, `birthday`, `photo_id`, `created_at`, `hometown`) VALUES ('6', 'm', '1992-04-13', '98', '2020-05-26 03:53:26', NULL);
INSERT INTO `profiles` (`user_id`, `gender`, `birthday`, `photo_id`, `created_at`, `hometown`) VALUES ('7', 'm', '1977-04-30', '87', '2016-04-14 04:59:52', NULL);
INSERT INTO `profiles` (`user_id`, `gender`, `birthday`, `photo_id`, `created_at`, `hometown`) VALUES ('8', 'm', '1995-02-19', '59', '2019-04-16 01:57:40', NULL);
INSERT INTO `profiles` (`user_id`, `gender`, `birthday`, `photo_id`, `created_at`, `hometown`) VALUES ('9', 'm', '1998-08-25', '61', '2007-01-01 12:37:12', NULL);
INSERT INTO `profiles` (`user_id`, `gender`, `birthday`, `photo_id`, `created_at`, `hometown`) VALUES ('10', 'f', '1993-05-09', '83', '2017-07-31 00:20:56', NULL);
INSERT INTO `profiles` (`user_id`, `gender`, `birthday`, `photo_id`, `created_at`, `hometown`) VALUES ('11', 'f', '2001-09-30', '80', '1986-01-10 12:28:41', NULL);
INSERT INTO `profiles` (`user_id`, `gender`, `birthday`, `photo_id`, `created_at`, `hometown`) VALUES ('12', 'm', '1984-01-05', '76', '1983-05-24 07:13:20', NULL);
INSERT INTO `profiles` (`user_id`, `gender`, `birthday`, `photo_id`, `created_at`, `hometown`) VALUES ('13', 'f', '1996-08-20', '21', '2019-04-25 08:30:08', NULL);
INSERT INTO `profiles` (`user_id`, `gender`, `birthday`, `photo_id`, `created_at`, `hometown`) VALUES ('14', 'm', '1998-03-10', '50', '2002-01-17 10:09:02', NULL);
INSERT INTO `profiles` (`user_id`, `gender`, `birthday`, `photo_id`, `created_at`, `hometown`) VALUES ('15', 'f', '1988-04-03', '1', '1991-11-22 11:03:07', NULL);
INSERT INTO `profiles` (`user_id`, `gender`, `birthday`, `photo_id`, `created_at`, `hometown`) VALUES ('16', 'm', '1983-05-25', '32', '1996-03-23 03:50:40', NULL);
INSERT INTO `profiles` (`user_id`, `gender`, `birthday`, `photo_id`, `created_at`, `hometown`) VALUES ('17', 'm', '1985-12-08', '60', '2009-10-17 05:25:30', NULL);
INSERT INTO `profiles` (`user_id`, `gender`, `birthday`, `photo_id`, `created_at`, `hometown`) VALUES ('18', 'f', '2008-06-03', '75', '1985-02-05 09:54:36', NULL);
INSERT INTO `profiles` (`user_id`, `gender`, `birthday`, `photo_id`, `created_at`, `hometown`) VALUES ('19', 'f', '2021-02-12', '53', '1995-10-15 00:46:38', NULL);
INSERT INTO `profiles` (`user_id`, `gender`, `birthday`, `photo_id`, `created_at`, `hometown`) VALUES ('20', 'f', '1995-05-17', '70', '1979-01-07 12:02:29', NULL);
INSERT INTO `profiles` (`user_id`, `gender`, `birthday`, `photo_id`, `created_at`, `hometown`) VALUES ('21', 'f', '1990-10-09', '21', '1976-04-09 09:12:07', NULL);
INSERT INTO `profiles` (`user_id`, `gender`, `birthday`, `photo_id`, `created_at`, `hometown`) VALUES ('22', 'f', '1975-11-13', '38', '2002-01-30 19:08:14', NULL);
INSERT INTO `profiles` (`user_id`, `gender`, `birthday`, `photo_id`, `created_at`, `hometown`) VALUES ('23', 'f', '1973-04-06', '24', '1998-04-24 17:53:25', NULL);
INSERT INTO `profiles` (`user_id`, `gender`, `birthday`, `photo_id`, `created_at`, `hometown`) VALUES ('24', 'f', '1999-10-31', '82', '1996-12-11 06:18:18', NULL);
INSERT INTO `profiles` (`user_id`, `gender`, `birthday`, `photo_id`, `created_at`, `hometown`) VALUES ('25', 'm', '2022-12-18', '35', '2019-02-02 18:27:43', NULL);
INSERT INTO `profiles` (`user_id`, `gender`, `birthday`, `photo_id`, `created_at`, `hometown`) VALUES ('26', 'm', '1995-04-24', '55', '1996-01-15 00:36:46', NULL);
INSERT INTO `profiles` (`user_id`, `gender`, `birthday`, `photo_id`, `created_at`, `hometown`) VALUES ('27', 'm', '1984-09-09', '30', '1990-11-19 02:53:46', NULL);
INSERT INTO `profiles` (`user_id`, `gender`, `birthday`, `photo_id`, `created_at`, `hometown`) VALUES ('28', 'f', '1976-11-04', '28', '1998-11-13 16:15:25', NULL);
INSERT INTO `profiles` (`user_id`, `gender`, `birthday`, `photo_id`, `created_at`, `hometown`) VALUES ('29', 'f', '1977-03-04', '5', '2021-12-27 01:18:41', NULL);
INSERT INTO `profiles` (`user_id`, `gender`, `birthday`, `photo_id`, `created_at`, `hometown`) VALUES ('30', 'm', '2018-05-09', '99', '2001-01-03 14:30:32', NULL);
INSERT INTO `profiles` (`user_id`, `gender`, `birthday`, `photo_id`, `created_at`, `hometown`) VALUES ('31', 'm', '2017-09-18', '83', '1991-04-14 23:51:24', NULL);
INSERT INTO `profiles` (`user_id`, `gender`, `birthday`, `photo_id`, `created_at`, `hometown`) VALUES ('32', 'f', '1973-03-25', '30', '1972-08-26 05:12:06', NULL);
INSERT INTO `profiles` (`user_id`, `gender`, `birthday`, `photo_id`, `created_at`, `hometown`) VALUES ('33', 'f', '1986-02-17', '72', '1984-09-07 02:18:18', NULL);
INSERT INTO `profiles` (`user_id`, `gender`, `birthday`, `photo_id`, `created_at`, `hometown`) VALUES ('34', 'f', '1982-06-27', '11', '1986-01-08 08:06:43', NULL);
INSERT INTO `profiles` (`user_id`, `gender`, `birthday`, `photo_id`, `created_at`, `hometown`) VALUES ('35', 'm', '2011-09-13', '6', '2010-06-14 08:22:49', NULL);
INSERT INTO `profiles` (`user_id`, `gender`, `birthday`, `photo_id`, `created_at`, `hometown`) VALUES ('36', 'f', '1978-03-13', '14', '2004-01-17 15:50:10', NULL);
INSERT INTO `profiles` (`user_id`, `gender`, `birthday`, `photo_id`, `created_at`, `hometown`) VALUES ('37', 'f', '1995-08-15', '76', '2011-10-06 15:25:19', NULL);
INSERT INTO `profiles` (`user_id`, `gender`, `birthday`, `photo_id`, `created_at`, `hometown`) VALUES ('38', 'f', '1989-10-29', '7', '1970-09-26 06:35:43', NULL);
INSERT INTO `profiles` (`user_id`, `gender`, `birthday`, `photo_id`, `created_at`, `hometown`) VALUES ('39', 'm', '1973-02-02', '51', '2000-08-11 10:16:11', NULL);
INSERT INTO `profiles` (`user_id`, `gender`, `birthday`, `photo_id`, `created_at`, `hometown`) VALUES ('40', 'f', '2016-06-09', '9', '1977-12-29 05:59:01', NULL);
INSERT INTO `profiles` (`user_id`, `gender`, `birthday`, `photo_id`, `created_at`, `hometown`) VALUES ('41', 'm', '1993-10-20', '73', '2017-03-15 11:36:02', NULL);
INSERT INTO `profiles` (`user_id`, `gender`, `birthday`, `photo_id`, `created_at`, `hometown`) VALUES ('42', 'm', '2006-12-01', '19', '2020-03-15 15:10:36', NULL);
INSERT INTO `profiles` (`user_id`, `gender`, `birthday`, `photo_id`, `created_at`, `hometown`) VALUES ('43', 'm', '1991-04-07', '47', '2004-07-22 18:22:32', NULL);
INSERT INTO `profiles` (`user_id`, `gender`, `birthday`, `photo_id`, `created_at`, `hometown`) VALUES ('44', 'f', '2018-12-04', '67', '1996-07-22 00:19:43', NULL);
INSERT INTO `profiles` (`user_id`, `gender`, `birthday`, `photo_id`, `created_at`, `hometown`) VALUES ('45', 'f', '1985-05-06', '17', '1994-01-04 22:07:01', NULL);
INSERT INTO `profiles` (`user_id`, `gender`, `birthday`, `photo_id`, `created_at`, `hometown`) VALUES ('46', 'm', '2016-02-12', '28', '2009-04-02 21:28:49', NULL);
INSERT INTO `profiles` (`user_id`, `gender`, `birthday`, `photo_id`, `created_at`, `hometown`) VALUES ('47', 'm', '1985-12-17', '89', '1987-01-13 11:43:53', NULL);
INSERT INTO `profiles` (`user_id`, `gender`, `birthday`, `photo_id`, `created_at`, `hometown`) VALUES ('48', 'm', '1993-04-12', '95', '1995-02-14 12:19:43', NULL);
INSERT INTO `profiles` (`user_id`, `gender`, `birthday`, `photo_id`, `created_at`, `hometown`) VALUES ('49', 'm', '1972-04-17', '80', '2000-06-15 07:49:12', NULL);
INSERT INTO `profiles` (`user_id`, `gender`, `birthday`, `photo_id`, `created_at`, `hometown`) VALUES ('50', 'f', '2023-03-16', '94', '1972-05-21 07:49:47', NULL);
INSERT INTO `profiles` (`user_id`, `gender`, `birthday`, `photo_id`, `created_at`, `hometown`) VALUES ('51', 'm', '1995-05-04', '88', '1984-04-21 14:21:40', NULL);
INSERT INTO `profiles` (`user_id`, `gender`, `birthday`, `photo_id`, `created_at`, `hometown`) VALUES ('52', 'm', '1977-06-26', '5', '1989-04-14 09:14:50', NULL);
INSERT INTO `profiles` (`user_id`, `gender`, `birthday`, `photo_id`, `created_at`, `hometown`) VALUES ('53', 'f', '1976-09-28', '63', '1980-04-21 03:58:00', NULL);
INSERT INTO `profiles` (`user_id`, `gender`, `birthday`, `photo_id`, `created_at`, `hometown`) VALUES ('54', 'm', '1989-04-20', '12', '2002-08-24 07:16:09', NULL);
INSERT INTO `profiles` (`user_id`, `gender`, `birthday`, `photo_id`, `created_at`, `hometown`) VALUES ('55', 'f', '2007-03-03', '34', '1983-09-26 03:26:43', NULL);
INSERT INTO `profiles` (`user_id`, `gender`, `birthday`, `photo_id`, `created_at`, `hometown`) VALUES ('56', 'm', '2021-03-05', '89', '2001-04-17 23:08:18', NULL);
INSERT INTO `profiles` (`user_id`, `gender`, `birthday`, `photo_id`, `created_at`, `hometown`) VALUES ('57', 'm', '2008-03-20', '88', '1982-08-10 18:24:50', NULL);
INSERT INTO `profiles` (`user_id`, `gender`, `birthday`, `photo_id`, `created_at`, `hometown`) VALUES ('58', 'm', '2006-08-03', '89', '1992-12-28 08:32:54', NULL);
INSERT INTO `profiles` (`user_id`, `gender`, `birthday`, `photo_id`, `created_at`, `hometown`) VALUES ('59', 'm', '2015-05-18', '90', '1993-03-02 07:37:54', NULL);
INSERT INTO `profiles` (`user_id`, `gender`, `birthday`, `photo_id`, `created_at`, `hometown`) VALUES ('60', 'm', '1977-12-26', '82', '1987-09-16 05:29:11', NULL);
INSERT INTO `profiles` (`user_id`, `gender`, `birthday`, `photo_id`, `created_at`, `hometown`) VALUES ('61', 'f', '2011-03-22', '59', '1971-11-09 13:06:14', NULL);
INSERT INTO `profiles` (`user_id`, `gender`, `birthday`, `photo_id`, `created_at`, `hometown`) VALUES ('62', 'm', '1979-01-14', '45', '1973-05-10 21:45:35', NULL);
INSERT INTO `profiles` (`user_id`, `gender`, `birthday`, `photo_id`, `created_at`, `hometown`) VALUES ('63', 'm', '2002-04-29', '60', '2014-02-18 10:13:52', NULL);
INSERT INTO `profiles` (`user_id`, `gender`, `birthday`, `photo_id`, `created_at`, `hometown`) VALUES ('64', 'm', '2009-01-12', '68', '2009-09-25 10:04:12', NULL);
INSERT INTO `profiles` (`user_id`, `gender`, `birthday`, `photo_id`, `created_at`, `hometown`) VALUES ('65', 'f', '2020-06-14', '14', '1990-07-31 06:51:12', NULL);
INSERT INTO `profiles` (`user_id`, `gender`, `birthday`, `photo_id`, `created_at`, `hometown`) VALUES ('66', 'm', '1977-08-20', '2', '1972-01-30 20:03:06', NULL);
INSERT INTO `profiles` (`user_id`, `gender`, `birthday`, `photo_id`, `created_at`, `hometown`) VALUES ('67', 'f', '2002-12-25', '84', '2016-06-14 15:03:24', NULL);
INSERT INTO `profiles` (`user_id`, `gender`, `birthday`, `photo_id`, `created_at`, `hometown`) VALUES ('68', 'm', '2005-09-06', '57', '2007-05-04 03:47:45', NULL);
INSERT INTO `profiles` (`user_id`, `gender`, `birthday`, `photo_id`, `created_at`, `hometown`) VALUES ('69', 'f', '1992-12-02', '81', '2012-07-31 10:28:05', NULL);
INSERT INTO `profiles` (`user_id`, `gender`, `birthday`, `photo_id`, `created_at`, `hometown`) VALUES ('70', 'f', '2015-12-24', '85', '1993-08-27 16:24:29', NULL);
INSERT INTO `profiles` (`user_id`, `gender`, `birthday`, `photo_id`, `created_at`, `hometown`) VALUES ('71', 'm', '2018-11-21', '47', '2001-06-25 05:20:02', NULL);
INSERT INTO `profiles` (`user_id`, `gender`, `birthday`, `photo_id`, `created_at`, `hometown`) VALUES ('72', 'f', '2002-08-04', '86', '1993-04-15 02:23:20', NULL);
INSERT INTO `profiles` (`user_id`, `gender`, `birthday`, `photo_id`, `created_at`, `hometown`) VALUES ('73', 'm', '2008-05-26', '30', '1988-08-24 02:27:36', NULL);
INSERT INTO `profiles` (`user_id`, `gender`, `birthday`, `photo_id`, `created_at`, `hometown`) VALUES ('74', 'f', '1999-06-06', '64', '1995-07-24 00:11:36', NULL);
INSERT INTO `profiles` (`user_id`, `gender`, `birthday`, `photo_id`, `created_at`, `hometown`) VALUES ('75', 'm', '1992-05-09', '59', '2002-05-22 19:04:44', NULL);
INSERT INTO `profiles` (`user_id`, `gender`, `birthday`, `photo_id`, `created_at`, `hometown`) VALUES ('76', 'f', '2005-12-03', '60', '1997-08-20 05:44:45', NULL);
INSERT INTO `profiles` (`user_id`, `gender`, `birthday`, `photo_id`, `created_at`, `hometown`) VALUES ('77', 'm', '1980-10-22', '19', '1970-04-25 20:12:17', NULL);
INSERT INTO `profiles` (`user_id`, `gender`, `birthday`, `photo_id`, `created_at`, `hometown`) VALUES ('78', 'm', '1979-01-13', '70', '2000-10-19 10:06:58', NULL);
INSERT INTO `profiles` (`user_id`, `gender`, `birthday`, `photo_id`, `created_at`, `hometown`) VALUES ('79', 'm', '2013-04-15', '83', '1998-05-19 21:27:28', NULL);
INSERT INTO `profiles` (`user_id`, `gender`, `birthday`, `photo_id`, `created_at`, `hometown`) VALUES ('80', 'm', '1974-11-01', '16', '2003-12-20 20:18:48', NULL);
INSERT INTO `profiles` (`user_id`, `gender`, `birthday`, `photo_id`, `created_at`, `hometown`) VALUES ('81', 'm', '1982-01-30', '7', '1989-11-10 14:20:07', NULL);
INSERT INTO `profiles` (`user_id`, `gender`, `birthday`, `photo_id`, `created_at`, `hometown`) VALUES ('82', 'm', '1987-01-20', '42', '2008-12-09 17:11:50', NULL);
INSERT INTO `profiles` (`user_id`, `gender`, `birthday`, `photo_id`, `created_at`, `hometown`) VALUES ('83', 'm', '1973-11-26', '79', '1974-07-21 23:19:09', NULL);
INSERT INTO `profiles` (`user_id`, `gender`, `birthday`, `photo_id`, `created_at`, `hometown`) VALUES ('84', 'm', '2013-11-19', '44', '1993-04-07 15:15:23', NULL);
INSERT INTO `profiles` (`user_id`, `gender`, `birthday`, `photo_id`, `created_at`, `hometown`) VALUES ('85', 'f', '1999-02-19', '30', '1980-08-30 18:48:49', NULL);
INSERT INTO `profiles` (`user_id`, `gender`, `birthday`, `photo_id`, `created_at`, `hometown`) VALUES ('86', 'm', '1971-01-28', '35', '2020-10-21 04:25:32', NULL);
INSERT INTO `profiles` (`user_id`, `gender`, `birthday`, `photo_id`, `created_at`, `hometown`) VALUES ('87', 'f', '1991-07-17', '88', '1997-03-30 09:15:38', NULL);
INSERT INTO `profiles` (`user_id`, `gender`, `birthday`, `photo_id`, `created_at`, `hometown`) VALUES ('88', 'm', '1999-09-10', '30', '1999-12-24 00:54:04', NULL);
INSERT INTO `profiles` (`user_id`, `gender`, `birthday`, `photo_id`, `created_at`, `hometown`) VALUES ('89', 'f', '1973-03-22', '81', '1981-07-10 16:07:49', NULL);
INSERT INTO `profiles` (`user_id`, `gender`, `birthday`, `photo_id`, `created_at`, `hometown`) VALUES ('90', 'm', '2021-12-08', '66', '2005-06-09 00:22:19', NULL);
INSERT INTO `profiles` (`user_id`, `gender`, `birthday`, `photo_id`, `created_at`, `hometown`) VALUES ('91', 'm', '2005-08-28', '2', '1996-02-18 04:01:51', NULL);
INSERT INTO `profiles` (`user_id`, `gender`, `birthday`, `photo_id`, `created_at`, `hometown`) VALUES ('92', 'm', '1985-03-16', '51', '1975-08-23 12:30:20', NULL);
INSERT INTO `profiles` (`user_id`, `gender`, `birthday`, `photo_id`, `created_at`, `hometown`) VALUES ('93', 'm', '1999-12-06', '75', '1979-12-15 01:06:45', NULL);
INSERT INTO `profiles` (`user_id`, `gender`, `birthday`, `photo_id`, `created_at`, `hometown`) VALUES ('94', 'm', '1984-05-09', '95', '1971-03-28 22:55:47', NULL);
INSERT INTO `profiles` (`user_id`, `gender`, `birthday`, `photo_id`, `created_at`, `hometown`) VALUES ('95', 'f', '1991-01-03', '27', '2005-08-31 11:55:18', NULL);
INSERT INTO `profiles` (`user_id`, `gender`, `birthday`, `photo_id`, `created_at`, `hometown`) VALUES ('96', 'm', '1991-09-08', '37', '2018-12-26 03:59:53', NULL);
INSERT INTO `profiles` (`user_id`, `gender`, `birthday`, `photo_id`, `created_at`, `hometown`) VALUES ('97', 'f', '2001-08-01', '48', '2020-10-05 04:19:47', NULL);
INSERT INTO `profiles` (`user_id`, `gender`, `birthday`, `photo_id`, `created_at`, `hometown`) VALUES ('98', 'f', '1991-06-27', '22', '1977-01-16 05:22:07', NULL);
INSERT INTO `profiles` (`user_id`, `gender`, `birthday`, `photo_id`, `created_at`, `hometown`) VALUES ('99', 'f', '1998-11-21', '54', '2020-01-03 09:34:18', NULL);
INSERT INTO `profiles` (`user_id`, `gender`, `birthday`, `photo_id`, `created_at`, `hometown`) VALUES ('100', 'f', '2002-11-16', '95', '2018-07-25 18:33:26', NULL);


#
# TABLE STRUCTURE FOR: users
#

DROP TABLE IF EXISTS `users`;

CREATE TABLE `users` (
  `id` bigint(20) unsigned NOT NULL AUTO_INCREMENT,
  `firstname` varchar(100) COLLATE utf8mb4_unicode_ci DEFAULT NULL,
  `lastname` varchar(100) COLLATE utf8mb4_unicode_ci DEFAULT NULL COMMENT '',
  `email` varchar(100) COLLATE utf8mb4_unicode_ci DEFAULT NULL,
  `password_hash` varchar(100) COLLATE utf8mb4_unicode_ci DEFAULT NULL,
  `phone` bigint(20) DEFAULT NULL,
  `is_deleted` bit(1) DEFAULT b'0',
  PRIMARY KEY (`id`),
  UNIQUE KEY `email` (`email`),
  KEY `users_firstname_lastname_idx` (`firstname`,`lastname`)
) ENGINE=InnoDB AUTO_INCREMENT=101 DEFAULT CHARSET=utf8mb4 COLLATE=utf8mb4_unicode_ci;

INSERT INTO `users` (`id`, `firstname`, `lastname`, `email`, `password_hash`, `phone`, `is_deleted`) VALUES ('1', 'Salvatore', 'Abbott', 'kgleichner@example.org', 'ee300fc47c9aad4f042e45e80e75f4ad4ede3446', '492', '0');
INSERT INTO `users` (`id`, `firstname`, `lastname`, `email`, `password_hash`, `phone`, `is_deleted`) VALUES ('2', 'Derek', 'Reinger', 'miles.windler@example.net', '680db0691bbd4a736f7de7dc565a491835e099c8', '1', '0');
INSERT INTO `users` (`id`, `firstname`, `lastname`, `email`, `password_hash`, `phone`, `is_deleted`) VALUES ('3', 'Emily', 'Wilkinson', 'mckayla.feeney@example.org', '0cb30b4e261efa4b294ebaf4961825055ab7e3a1', '7445208513', '1');
INSERT INTO `users` (`id`, `firstname`, `lastname`, `email`, `password_hash`, `phone`, `is_deleted`) VALUES ('4', 'Allen', 'Bogisich', 'klein.ron@example.net', 'b494fdcf6d06dfd7c80620e6f855a39155674c88', '1', '0');
INSERT INTO `users` (`id`, `firstname`, `lastname`, `email`, `password_hash`, `phone`, `is_deleted`) VALUES ('5', 'Jamey', 'Moen', 'lang.bernita@example.com', 'dcff3ad631299d0679656bf30885766bab475416', '859476', '1');
INSERT INTO `users` (`id`, `firstname`, `lastname`, `email`, `password_hash`, `phone`, `is_deleted`) VALUES ('6', 'Maggie', 'Gaylord', 'kelsi50@example.net', '853c4671d0cb9fc8d84f9495ba47c81013403b25', '1', '1');
INSERT INTO `users` (`id`, `firstname`, `lastname`, `email`, `password_hash`, `phone`, `is_deleted`) VALUES ('7', 'Leopold', 'Gerlach', 'hodkiewicz.marlen@example.org', '2fc4aa02327859a21edd085bcec8e1ecc109a6c5', '184', '0');
INSERT INTO `users` (`id`, `firstname`, `lastname`, `email`, `password_hash`, `phone`, `is_deleted`) VALUES ('8', 'Jamison', 'Abernathy', 'jasmin.mohr@example.net', '9411fa0ebeb9c7e7b3a43ef01ae3de0887f9242f', '1', '0');
INSERT INTO `users` (`id`, `firstname`, `lastname`, `email`, `password_hash`, `phone`, `is_deleted`) VALUES ('9', 'Jimmy', 'Nicolas', 'rowena41@example.net', '54152bfbc3c093cd4e49bb90a7a9e05d1b1e1c9f', '0', '0');
INSERT INTO `users` (`id`, `firstname`, `lastname`, `email`, `password_hash`, `phone`, `is_deleted`) VALUES ('10', 'Rhiannon', 'Ebert', 'rschmitt@example.net', 'cf17e5c519a96b7758e867e5d2c9bc74a27eb856', '1', '1');
INSERT INTO `users` (`id`, `firstname`, `lastname`, `email`, `password_hash`, `phone`, `is_deleted`) VALUES ('11', 'Alford', 'Kuhic', 'konopelski.dana@example.net', '6e107e639aede71fc6254ef1069b83f685d7c851', '1', '0');
INSERT INTO `users` (`id`, `firstname`, `lastname`, `email`, `password_hash`, `phone`, `is_deleted`) VALUES ('12', 'Manuel', 'Franecki', 'qmiller@example.org', '12b516e5c755da4d8651f7c4f1aff6b19e8ddbfb', '2237528677', '1');
INSERT INTO `users` (`id`, `firstname`, `lastname`, `email`, `password_hash`, `phone`, `is_deleted`) VALUES ('13', 'Cory', 'Hudson', 'mariano.jast@example.com', '6361652490363891287041d9291f991e76c8bde7', '0', '1');
INSERT INTO `users` (`id`, `firstname`, `lastname`, `email`, `password_hash`, `phone`, `is_deleted`) VALUES ('14', 'Garett', 'Waters', 'fgraham@example.com', 'd3a822331f086fb865dd3c6ff900f0536e293019', '1', '1');
INSERT INTO `users` (`id`, `firstname`, `lastname`, `email`, `password_hash`, `phone`, `is_deleted`) VALUES ('15', 'Marlin', 'Anderson', 'eric.renner@example.net', '2232138f06b8d85dbbb4bcc62e7520dad815a03f', '259628', '1');
INSERT INTO `users` (`id`, `firstname`, `lastname`, `email`, `password_hash`, `phone`, `is_deleted`) VALUES ('16', 'Tia', 'Veum', 'bruen.andrew@example.org', '39ab2d2d68ede236889d43bb7d2a69eddd9306d4', '1755479978', '0');
INSERT INTO `users` (`id`, `firstname`, `lastname`, `email`, `password_hash`, `phone`, `is_deleted`) VALUES ('17', 'Jordy', 'Volkman', 'cassandre31@example.com', '3b71edb11f6cfb92f0d5489d5269bad7acefc8e7', '924', '0');
INSERT INTO `users` (`id`, `firstname`, `lastname`, `email`, `password_hash`, `phone`, `is_deleted`) VALUES ('18', 'Destini', 'Hamill', 'tromp.maximo@example.com', '8d5eb48d6b33df508240afd7973ec2cb3dc72459', '746', '1');
INSERT INTO `users` (`id`, `firstname`, `lastname`, `email`, `password_hash`, `phone`, `is_deleted`) VALUES ('19', 'Hayley', 'Schaden', 'qjaskolski@example.net', '6efb459b2ba93f8510336f2581dcac64d2fd7d08', '946635', '0');
INSERT INTO `users` (`id`, `firstname`, `lastname`, `email`, `password_hash`, `phone`, `is_deleted`) VALUES ('20', 'Blake', 'Romaguera', 'amie.nicolas@example.com', '8ed794a5e1fa9009f7216f23b1f38994c179fe44', '0', '0');
INSERT INTO `users` (`id`, `firstname`, `lastname`, `email`, `password_hash`, `phone`, `is_deleted`) VALUES ('21', 'Easton', 'Hane', 'carlotta.king@example.org', 'c5d52f59b06dcfd0a482075e6651cf9c37b82cf0', '254007', '0');
INSERT INTO `users` (`id`, `firstname`, `lastname`, `email`, `password_hash`, `phone`, `is_deleted`) VALUES ('22', 'Esta', 'Haag', 'rau.estrella@example.net', 'f2bd0718ac6fe6e6c3a7023552bce8b60aec2f04', '703', '1');
INSERT INTO `users` (`id`, `firstname`, `lastname`, `email`, `password_hash`, `phone`, `is_deleted`) VALUES ('23', 'Patrick', 'Daugherty', 'desmond52@example.net', '0d0355ed9d60c31cabadbcee9edea7599d443818', '0', '1');
INSERT INTO `users` (`id`, `firstname`, `lastname`, `email`, `password_hash`, `phone`, `is_deleted`) VALUES ('24', 'Jackson', 'Legros', 'elias.wehner@example.net', 'f07fda645da0f47d01695ab7610198b7835d82ad', '0', '0');
INSERT INTO `users` (`id`, `firstname`, `lastname`, `email`, `password_hash`, `phone`, `is_deleted`) VALUES ('25', 'Hermina', 'Batz', 'kerluke.janick@example.org', '6597cfa0203094e36f45991d99e48929133c1221', '403', '1');
INSERT INTO `users` (`id`, `firstname`, `lastname`, `email`, `password_hash`, `phone`, `is_deleted`) VALUES ('26', 'Luther', 'Wintheiser', 'po\'conner@example.org', 'af7d58e4796411e8cd4b365e1f352f2b9d113d94', '334', '1');
INSERT INTO `users` (`id`, `firstname`, `lastname`, `email`, `password_hash`, `phone`, `is_deleted`) VALUES ('27', 'Julie', 'Wisoky', 'dina77@example.net', 'a377d724644d9f50cbd56a115dc847eb1b2b05e6', '1', '0');
INSERT INTO `users` (`id`, `firstname`, `lastname`, `email`, `password_hash`, `phone`, `is_deleted`) VALUES ('28', 'Christy', 'Hessel', 'lyda.muller@example.com', '9faf88f76f47b481b2b334ae57ff455b86e0e6a7', '100', '0');
INSERT INTO `users` (`id`, `firstname`, `lastname`, `email`, `password_hash`, `phone`, `is_deleted`) VALUES ('29', 'Vilma', 'Moore', 'abagail12@example.org', '9bad8fed8703ed4581b4d1dda79725083c21a444', '1', '1');
INSERT INTO `users` (`id`, `firstname`, `lastname`, `email`, `password_hash`, `phone`, `is_deleted`) VALUES ('30', 'Abbigail', 'Nikolaus', 'skiles.athena@example.com', 'a3dffa1c991253cb8589604f38eb3c62e3ddbf13', '174459', '0');
INSERT INTO `users` (`id`, `firstname`, `lastname`, `email`, `password_hash`, `phone`, `is_deleted`) VALUES ('31', 'Alverta', 'Weber', 'collin08@example.net', 'ff14ffa6979a9841d9dc13375408f881c690719a', '868713', '0');
INSERT INTO `users` (`id`, `firstname`, `lastname`, `email`, `password_hash`, `phone`, `is_deleted`) VALUES ('32', 'Thora', 'Little', 'wilford.price@example.net', 'b48eaec45617ec99e797ee530d0325e1e80cf568', '1', '1');
INSERT INTO `users` (`id`, `firstname`, `lastname`, `email`, `password_hash`, `phone`, `is_deleted`) VALUES ('33', 'Ezekiel', 'Jakubowski', 'dwhite@example.org', 'eebd10d64510a72d6a87cf61392a9259a03661c8', '964', '0');
INSERT INTO `users` (`id`, `firstname`, `lastname`, `email`, `password_hash`, `phone`, `is_deleted`) VALUES ('34', 'Joana', 'Parker', 'qdeckow@example.com', '3749850ba345ee57d7584846e084eea9a59f0c10', '0', '1');
INSERT INTO `users` (`id`, `firstname`, `lastname`, `email`, `password_hash`, `phone`, `is_deleted`) VALUES ('35', 'Lina', 'Ryan', 'elian.renner@example.net', '25ba87a7e52456f5da624c23a053886a6b34d8be', '19', '0');
INSERT INTO `users` (`id`, `firstname`, `lastname`, `email`, `password_hash`, `phone`, `is_deleted`) VALUES ('36', 'Reinhold', 'Powlowski', 'hschaden@example.org', '5a93cfd6003b44955ba684efb07944a25333c750', '689093', '0');
INSERT INTO `users` (`id`, `firstname`, `lastname`, `email`, `password_hash`, `phone`, `is_deleted`) VALUES ('37', 'Beau', 'Monahan', 'jerry.o\'connell@example.com', '272b015dcb3c5a7888e1d91031a99666b3915834', '223', '0');
INSERT INTO `users` (`id`, `firstname`, `lastname`, `email`, `password_hash`, `phone`, `is_deleted`) VALUES ('38', 'Donavon', 'Heathcote', 'vida88@example.org', 'd0d4bb9b7ebfdcf3c747d768c73d56f89897006c', '916786', '1');
INSERT INTO `users` (`id`, `firstname`, `lastname`, `email`, `password_hash`, `phone`, `is_deleted`) VALUES ('39', 'Malika', 'Mertz', 'drunte@example.com', 'f8d0ea7c38d31a39293d556978c53f26ceee9293', '896360', '0');
INSERT INTO `users` (`id`, `firstname`, `lastname`, `email`, `password_hash`, `phone`, `is_deleted`) VALUES ('40', 'Laney', 'Kutch', 'luella09@example.net', '56206b40d26c7d9db7f8dfc982099766fc730e6b', '0', '0');
INSERT INTO `users` (`id`, `firstname`, `lastname`, `email`, `password_hash`, `phone`, `is_deleted`) VALUES ('41', 'Minerva', 'Halvorson', 'dietrich.nina@example.com', '7f3c4173f800027b791eadb0c80971ad9a1d4c9d', '27', '1');
INSERT INTO `users` (`id`, `firstname`, `lastname`, `email`, `password_hash`, `phone`, `is_deleted`) VALUES ('42', 'Claudia', 'Nitzsche', 'william19@example.com', 'c387a6473285f7bf96c7155aee2227c49141c115', '1', '0');
INSERT INTO `users` (`id`, `firstname`, `lastname`, `email`, `password_hash`, `phone`, `is_deleted`) VALUES ('43', 'Ari', 'Schowalter', 'dooley.adolph@example.net', '278b74d0e5342a6ddc623a30056096ef9e13a1ed', '6190155832', '0');
INSERT INTO `users` (`id`, `firstname`, `lastname`, `email`, `password_hash`, `phone`, `is_deleted`) VALUES ('44', 'Ernest', 'Schulist', 'spencer.mylene@example.org', '71adcf7832472ec821ea1123c05bcd5818ff1ed8', '84', '1');
INSERT INTO `users` (`id`, `firstname`, `lastname`, `email`, `password_hash`, `phone`, `is_deleted`) VALUES ('45', 'Zula', 'Cruickshank', 'eo\'kon@example.org', 'fcdc69ddad03ba24744002e95667ad11d88b76a9', '153530', '1');
INSERT INTO `users` (`id`, `firstname`, `lastname`, `email`, `password_hash`, `phone`, `is_deleted`) VALUES ('46', 'Wyatt', 'Deckow', 'flatley.alek@example.org', '0cb0690e33449058652d78faf7f868ea7f7c27b0', '1', '1');
INSERT INTO `users` (`id`, `firstname`, `lastname`, `email`, `password_hash`, `phone`, `is_deleted`) VALUES ('47', 'Ansley', 'Bauch', 'flavio19@example.net', 'a50c66c002c4a06abcb66e477dd527b55de837a9', '642681', '0');
INSERT INTO `users` (`id`, `firstname`, `lastname`, `email`, `password_hash`, `phone`, `is_deleted`) VALUES ('48', 'Cade', 'O\'Reilly', 'genesis62@example.org', 'cb462337a3ede1afc2fabc4633ddacd7593a9136', '459', '1');
INSERT INTO `users` (`id`, `firstname`, `lastname`, `email`, `password_hash`, `phone`, `is_deleted`) VALUES ('49', 'Terrell', 'Olson', 'eveum@example.com', '4481be52ae054a658f47681def7ba17c22d418cc', '0', '0');
INSERT INTO `users` (`id`, `firstname`, `lastname`, `email`, `password_hash`, `phone`, `is_deleted`) VALUES ('50', 'Eulalia', 'Hermiston', 'pfeffer.joanne@example.org', 'c374483adda28de1ba6ac29a77b0be4feae4faef', '536', '0');
INSERT INTO `users` (`id`, `firstname`, `lastname`, `email`, `password_hash`, `phone`, `is_deleted`) VALUES ('51', 'Meagan', 'Zieme', 'audra75@example.net', '8ca836161689d5ddc7c4992d187d6cad617a1ebf', '835', '0');
INSERT INTO `users` (`id`, `firstname`, `lastname`, `email`, `password_hash`, `phone`, `is_deleted`) VALUES ('52', 'Stephany', 'Durgan', 'rosemary97@example.org', '72697adc9ee845b1fbe650862c2e844e052c2731', '7900930824', '1');
INSERT INTO `users` (`id`, `firstname`, `lastname`, `email`, `password_hash`, `phone`, `is_deleted`) VALUES ('53', 'Rafael', 'Hermiston', 'tomasa.kuvalis@example.org', '7783b937e3b3255374a23ed65e9d5ed0428468d1', '0', '1');
INSERT INTO `users` (`id`, `firstname`, `lastname`, `email`, `password_hash`, `phone`, `is_deleted`) VALUES ('54', 'Favian', 'Paucek', 'xbeahan@example.net', '43b27df9435168d48ea64a4759c1e1c1761e5855', '2304567372', '1');
INSERT INTO `users` (`id`, `firstname`, `lastname`, `email`, `password_hash`, `phone`, `is_deleted`) VALUES ('55', 'Daren', 'Greenholt', 'carlie77@example.org', 'c44e3f2eae0af1f82552accc1caa479d56d27d14', '735760', '0');
INSERT INTO `users` (`id`, `firstname`, `lastname`, `email`, `password_hash`, `phone`, `is_deleted`) VALUES ('56', 'Giles', 'Kuhic', 'nmoore@example.org', '533db38deb831442bb0134898971a4b72f262289', '990', '0');
INSERT INTO `users` (`id`, `firstname`, `lastname`, `email`, `password_hash`, `phone`, `is_deleted`) VALUES ('57', 'Destin', 'Bergnaum', 'kulas.tremayne@example.net', 'b264baf0daf03aa7d3d1613110a0ea01f0e53b52', '268', '1');
INSERT INTO `users` (`id`, `firstname`, `lastname`, `email`, `password_hash`, `phone`, `is_deleted`) VALUES ('58', 'Ivah', 'McCullough', 'jquigley@example.com', 'a44e4e9d3f63076cf8cbb424a347c43e6afbcc3e', '312066', '0');
INSERT INTO `users` (`id`, `firstname`, `lastname`, `email`, `password_hash`, `phone`, `is_deleted`) VALUES ('59', 'Eleazar', 'McDermott', 'vdooley@example.com', 'd2802a24e4d955d4fd25bd4556e03b603fa5bbe4', '583', '1');
INSERT INTO `users` (`id`, `firstname`, `lastname`, `email`, `password_hash`, `phone`, `is_deleted`) VALUES ('60', 'Loyal', 'Boyer', 'petra79@example.org', 'c2a642324f2cca585d6023e35a53df4fa73c7207', '1', '0');
INSERT INTO `users` (`id`, `firstname`, `lastname`, `email`, `password_hash`, `phone`, `is_deleted`) VALUES ('61', 'Leila', 'Hettinger', 'ondricka.ruben@example.org', 'd1c1f33a401be432e800b54268bd9d7ac846752e', '926', '1');
INSERT INTO `users` (`id`, `firstname`, `lastname`, `email`, `password_hash`, `phone`, `is_deleted`) VALUES ('62', 'Jamaal', 'O\'Keefe', 'nglover@example.com', '272de06dd893ff16571eed13eae430d76c26981b', '1', '1');
INSERT INTO `users` (`id`, `firstname`, `lastname`, `email`, `password_hash`, `phone`, `is_deleted`) VALUES ('63', 'Darrel', 'Pollich', 'whartmann@example.net', '940b665c9e99777f380b2c0ae3108644fb9b8da6', '1', '0');
INSERT INTO `users` (`id`, `firstname`, `lastname`, `email`, `password_hash`, `phone`, `is_deleted`) VALUES ('64', 'Darien', 'Bauch', 'odooley@example.org', '38ca979f56324126179c9ac0a2585401d244f429', '0', '1');
INSERT INTO `users` (`id`, `firstname`, `lastname`, `email`, `password_hash`, `phone`, `is_deleted`) VALUES ('65', 'Kianna', 'Metz', 'cleve60@example.org', 'e00d1912d3f05b2432f73603e93dbbef85b96f02', '1', '0');
INSERT INTO `users` (`id`, `firstname`, `lastname`, `email`, `password_hash`, `phone`, `is_deleted`) VALUES ('66', 'Madie', 'Stark', 'sophie.runolfsson@example.org', 'ddd5fd8c50fa59497c204c0ab191c616c5352c71', '100094', '1');
INSERT INTO `users` (`id`, `firstname`, `lastname`, `email`, `password_hash`, `phone`, `is_deleted`) VALUES ('67', 'Leif', 'Mayer', 'kessler.ruben@example.org', '2a66a7d36e13c1bf5291405648189f9d27328804', '0', '1');
INSERT INTO `users` (`id`, `firstname`, `lastname`, `email`, `password_hash`, `phone`, `is_deleted`) VALUES ('68', 'Hardy', 'Fay', 'acorwin@example.com', 'ecd48dc2524c9e0218d3a9cdaddffb4571029ca0', '30', '0');
INSERT INTO `users` (`id`, `firstname`, `lastname`, `email`, `password_hash`, `phone`, `is_deleted`) VALUES ('69', 'Genesis', 'Lockman', 'preilly@example.com', '6168f267c528a8260844789461afc57a52979f07', '643', '1');
INSERT INTO `users` (`id`, `firstname`, `lastname`, `email`, `password_hash`, `phone`, `is_deleted`) VALUES ('70', 'Mikel', 'O\'Reilly', 'astanton@example.net', '5a1aceabd2ccae46de4da33240452fff14752e37', '3738123750', '1');
INSERT INTO `users` (`id`, `firstname`, `lastname`, `email`, `password_hash`, `phone`, `is_deleted`) VALUES ('71', 'Nicholas', 'O\'Reilly', 'lavada.jacobi@example.net', '6ca82e60438f1469e14b2c48f044d2f4709fbeef', '7885865345', '0');
INSERT INTO `users` (`id`, `firstname`, `lastname`, `email`, `password_hash`, `phone`, `is_deleted`) VALUES ('72', 'Micheal', 'Becker', 'bruen.stacey@example.com', '838b95c6413939043c15da5714ac0ec44cd192c3', '721', '0');
INSERT INTO `users` (`id`, `firstname`, `lastname`, `email`, `password_hash`, `phone`, `is_deleted`) VALUES ('73', 'Kristina', 'Bernier', 'whitney00@example.org', '66016f00fcb4db9ba654177d25a59d2867d15f99', '265337', '1');
INSERT INTO `users` (`id`, `firstname`, `lastname`, `email`, `password_hash`, `phone`, `is_deleted`) VALUES ('74', 'Ted', 'Cartwright', 'catharine58@example.com', 'f9b402e05bd58fe9ae40a401dbce786b4082a32c', '408', '1');
INSERT INTO `users` (`id`, `firstname`, `lastname`, `email`, `password_hash`, `phone`, `is_deleted`) VALUES ('75', 'Angelo', 'Veum', 'reinger.valentina@example.net', '7361d27339aaec50cfb116640f8812bbe3ecf9bd', '750582', '1');
INSERT INTO `users` (`id`, `firstname`, `lastname`, `email`, `password_hash`, `phone`, `is_deleted`) VALUES ('76', 'Maynard', 'Wilderman', 'lafayette81@example.org', '7f4f81b142c34378a8b54451b20ceff0e3b23792', '192', '1');
INSERT INTO `users` (`id`, `firstname`, `lastname`, `email`, `password_hash`, `phone`, `is_deleted`) VALUES ('77', 'Loy', 'Koss', 'reina93@example.com', 'a52eaf89673430cb0e29c3e45c0298308ac00952', '294424', '1');
INSERT INTO `users` (`id`, `firstname`, `lastname`, `email`, `password_hash`, `phone`, `is_deleted`) VALUES ('78', 'Isidro', 'Reilly', 'schamberger.newell@example.net', 'a5d998c2d3020b9051ac0306b52c4d522e43147a', '1', '1');
INSERT INTO `users` (`id`, `firstname`, `lastname`, `email`, `password_hash`, `phone`, `is_deleted`) VALUES ('79', 'Jared', 'Schmeler', 'barry.will@example.net', '41d90384ce023f1e27474ad2f6478dc6b76deba0', '24', '1');
INSERT INTO `users` (`id`, `firstname`, `lastname`, `email`, `password_hash`, `phone`, `is_deleted`) VALUES ('80', 'Dell', 'Aufderhar', 'aaliyah60@example.com', '410404e8d34761df10f4d4167857a5b1c2eb6da8', '46', '1');
INSERT INTO `users` (`id`, `firstname`, `lastname`, `email`, `password_hash`, `phone`, `is_deleted`) VALUES ('81', 'Sarai', 'Schaden', 'oabbott@example.com', 'd9c471ee148a0cf46618d03a8df7ba51fbfaeb94', '1', '0');
INSERT INTO `users` (`id`, `firstname`, `lastname`, `email`, `password_hash`, `phone`, `is_deleted`) VALUES ('82', 'Darlene', 'Lind', 'mayer.shanon@example.net', '1d7e558f95f8e842165078c0d4b8f401933c02ef', '5212342934', '1');
INSERT INTO `users` (`id`, `firstname`, `lastname`, `email`, `password_hash`, `phone`, `is_deleted`) VALUES ('83', 'Nia', 'VonRueden', 'corene59@example.org', '2bea6370ee8c24dbd34807e294504e09bc9e55ce', '415975', '0');
INSERT INTO `users` (`id`, `firstname`, `lastname`, `email`, `password_hash`, `phone`, `is_deleted`) VALUES ('84', 'Michelle', 'Moen', 'maurine55@example.net', '2d5211443b5d03af165c440b4be6fa0d4e5b54a2', '0', '1');
INSERT INTO `users` (`id`, `firstname`, `lastname`, `email`, `password_hash`, `phone`, `is_deleted`) VALUES ('85', 'Lillie', 'Gusikowski', 'renner.susanna@example.net', '037a18b73fd5c428cfeaba5b5ffc783f248e5563', '521788399', '1');
INSERT INTO `users` (`id`, `firstname`, `lastname`, `email`, `password_hash`, `phone`, `is_deleted`) VALUES ('86', 'Ethel', 'Koch', 'estell.bartell@example.net', 'bd34479b99d77bd9910fd293ec7db7be398fcda2', '263984113', '1');
INSERT INTO `users` (`id`, `firstname`, `lastname`, `email`, `password_hash`, `phone`, `is_deleted`) VALUES ('87', 'Arely', 'Jenkins', 'pablo.bruen@example.net', '47e8de357671032f1c5cfb6ce26682db7fa00e0a', '1', '1');
INSERT INTO `users` (`id`, `firstname`, `lastname`, `email`, `password_hash`, `phone`, `is_deleted`) VALUES ('88', 'Claude', 'Huels', 'dorian51@example.org', 'b2562829aaeab7ec88e57daeea6a9e1b31d3e3d8', '46', '1');
INSERT INTO `users` (`id`, `firstname`, `lastname`, `email`, `password_hash`, `phone`, `is_deleted`) VALUES ('89', 'Dillon', 'Hermann', 'rossie96@example.net', 'ec96b9a468486b3f5d53548b773b8c2a3cd2de21', '700', '0');
INSERT INTO `users` (`id`, `firstname`, `lastname`, `email`, `password_hash`, `phone`, `is_deleted`) VALUES ('90', 'Helene', 'Jast', 'kessler.garth@example.org', '0e6569eda27badda98098edbc3032ae2d156acd6', '951', '1');
INSERT INTO `users` (`id`, `firstname`, `lastname`, `email`, `password_hash`, `phone`, `is_deleted`) VALUES ('91', 'Myrna', 'Farrell', 'bertram.kulas@example.com', '3739e4eca27c39054da8773da86df3ff5ca095b3', '828', '1');
INSERT INTO `users` (`id`, `firstname`, `lastname`, `email`, `password_hash`, `phone`, `is_deleted`) VALUES ('92', 'Esta', 'Hoeger', 'jeramie.daugherty@example.net', '082418d5fe1525dfd3387f52c26fbcb70e4defd8', '322725', '1');
INSERT INTO `users` (`id`, `firstname`, `lastname`, `email`, `password_hash`, `phone`, `is_deleted`) VALUES ('93', 'Kenny', 'O\'Hara', 'hbashirian@example.org', 'c586ad622df43286863a83010ca97f920dab5b69', '455', '1');
INSERT INTO `users` (`id`, `firstname`, `lastname`, `email`, `password_hash`, `phone`, `is_deleted`) VALUES ('94', 'Cleo', 'Terry', 'bauch.mabel@example.net', 'fc23efc4583f73a24ace17d4f7c5b5c4d2865df4', '417', '1');
INSERT INTO `users` (`id`, `firstname`, `lastname`, `email`, `password_hash`, `phone`, `is_deleted`) VALUES ('95', 'Jacinthe', 'Thiel', 'huels.samantha@example.com', '3f70dc81747f24df53e5b4aa16162fe01b2c1acc', '321', '0');
INSERT INTO `users` (`id`, `firstname`, `lastname`, `email`, `password_hash`, `phone`, `is_deleted`) VALUES ('96', 'Prudence', 'Gorczany', 'dandre22@example.org', '04e9df9b5a8d1d9c2935d005591d64dadee2e8f4', '784', '0');
INSERT INTO `users` (`id`, `firstname`, `lastname`, `email`, `password_hash`, `phone`, `is_deleted`) VALUES ('97', 'Emile', 'Medhurst', 'urunte@example.com', '30e48d9d31086a98ed30053503c64623fdafb636', '945765', '0');
INSERT INTO `users` (`id`, `firstname`, `lastname`, `email`, `password_hash`, `phone`, `is_deleted`) VALUES ('98', 'Kaleigh', 'Koepp', 'tstrosin@example.com', '11448a7adafc8661631c952243a38290f35a37bb', '0', '0');
INSERT INTO `users` (`id`, `firstname`, `lastname`, `email`, `password_hash`, `phone`, `is_deleted`) VALUES ('99', 'Ethelyn', 'Roob', 'gthiel@example.org', 'e0d192fb27a441a4c557bbd0b7dc769308b8a995', '0', '0');
INSERT INTO `users` (`id`, `firstname`, `lastname`, `email`, `password_hash`, `phone`, `is_deleted`) VALUES ('100', 'Tyson', 'Dibbert', 'iwhite@example.net', '732d6e3eb149578c7989384a7ec928429f733ff8', '273', '0');


